n_qubits,depth,circuit_variant,n_seeds_used,n_terms,mean_abs_offdiag_obs,mean_abs_offdiag_ci_low,mean_abs_offdiag_ci_high,mean_abs_offdiag_null_low,mean_abs_offdiag_null_high,mean_abs_offdiag_above_null,block_zz_obs,block_zz_ci_low,block_zz_ci_high,block_zz_null_low,block_zz_null_high,block_zz_above_null,block_zz_below_null,block_zz_outside_null,block_x_obs,block_x_ci_low,block_x_ci_high,block_x_null_low,block_x_null_high,block_x_above_null,block_x_below_null,block_x_outside_null,block_cross_obs,block_cross_ci_low,block_cross_ci_high,block_cross_null_low,block_cross_null_high,block_cross_above_null,block_cross_below_null,block_cross_outside_null,block_zz_abs_obs,block_zz_abs_ci_low,block_zz_abs_ci_high,block_zz_abs_null_low,block_zz_abs_null_high,block_zz_abs_above_null,block_x_abs_obs,block_x_abs_ci_low,block_x_abs_ci_high,block_x_abs_null_low,block_x_abs_null_high,block_x_abs_above_null,block_cross_abs_obs,block_cross_abs_ci_low,block_cross_abs_ci_high,block_cross_abs_null_low,block_cross_abs_null_high,block_cross_abs_above_null,lam_max_obs,lam_max_ci_low,lam_max_ci_high,lam_max_null_low,lam_max_null_high,lam_max_above_null,lam_max_null_median,lam_max_excess,lam_max_ratio
4,4,hea,30,7,0.14662698412698413,0.1388888888888889,0.15406746031746035,0.11418650793650796,0.12857390873015875,True,-0.013194444444444444,-0.05138888888888889,0.027083333333333324,-0.029166666666666667,0.03059027777777775,False,False,False,0.01770833333333333,-0.02292534722222222,0.058689236111111064,-0.023958333333333335,0.023263888888888893,False,False,False,-0.0026041666666666674,-0.022222222222222223,0.016844618055555535,-0.016323784722222224,0.014930555555555555,False,False,False,0.14652777777777778,0.12430555555555554,0.16805555555555554,0.10138888888888889,0.13819444444444443,True,0.17291666666666666,0.15416666666666667,0.1916666666666667,0.11179687499999998,0.13855034722222223,True,0.13350694444444444,0.12343315972222219,0.14374999999999996,0.11110677083333334,0.1296875,True,1.6245716924755995,1.5688629791192295,1.6854316013130652,1.4177570433199016,1.5148472585270811,True,1.463753834990876,0.16081785748472344,1.109866736906432
6,4,hea,30,11,0.10535353535353537,0.10148989898989899,0.10914204545454548,0.0890391414141414,0.09573295454545454,True,-0.013888888888888892,-0.02638888888888889,-0.0004166666666666666,-0.012229166666666668,0.013888888888888886,False,True,True,0.010277777777777778,-0.003981481481481481,0.025930555555555526,-0.010092592592592594,0.010194444444444437,True,False,True,0.008055555555555555,0.0012951388888888886,0.01486111111111111,-0.007319444444444444,0.006995370370370367,True,False,True,0.10305555555555555,0.09541666666666668,0.11111111111111112,0.08388541666666666,0.09902777777777777,True,0.1097222222222222,0.10175694444444444,0.11722453703703706,0.08666435185185183,0.10000231481481482,True,0.1039351851851852,0.09893518518518518,0.10925925925925926,0.08768518518518519,0.09680555555555556,True,1.5894667612353008,1.5425700520555654,1.6374892153867837,1.4087516011606744,1.4891514512376858,True,1.4497462140554283,0.1397205471798726,1.0963758662207692
8,4,hea,30,15,0.084484126984127,0.0821031746031746,0.08708407738095238,0.07478174603174602,0.0789985119047619,True,0.0007936507936507935,-0.0057539682539682535,0.007937748015873007,-0.006847718253968254,0.00798735119047619,False,False,False,0.006101190476190477,-0.0016378348214285716,0.014062499999999999,-0.006697358630952382,0.006139322916666666,False,False,False,-0.002678571428571429,-0.008278924851190476,0.002809709821428567,-0.004261532738095239,0.0043350074404761895,False,False,False,0.0847222222222222,0.08075272817460316,0.08893849206349207,0.07187499999999998,0.08060639880952382,True,0.0851934523809524,0.07953869047619049,0.09136997767857144,0.07309988839285715,0.08098958333333334,True,0.08404017857142856,0.08061709449404761,0.08759300595238094,0.07412341889880954,0.07978097098214287,True,1.5650179168341816,1.5179999183942738,1.618472368791348,1.4054738764496695,1.4763991350275687,True,1.4379781321294387,0.12703978470474286,1.0883461172783033
10,4,hea,30,19,0.077046783625731,0.07532602339181287,0.07881591130604287,0.0656187865497076,0.06836281676413256,True,-0.0035879629629629616,-0.00972222222222222,0.0023379629629629636,-0.004884837962962964,0.005324652777777778,False,False,False,0.0010925925925925927,-0.002352314814814815,0.0048898148148148095,-0.0041675925925925925,0.004388888888888888,False,False,False,0.0016851851851851847,-0.0016946759259259259,0.004973148148148144,-0.0030928240740740734,0.0032597222222222224,False,False,False,0.07900462962962963,0.07502199074074073,0.08291724537037036,0.06365682870370369,0.06960763888888886,True,0.07362962962962964,0.07083333333333333,0.07625972222222223,0.06446111111111111,0.07003703703703704,True,0.07797222222222223,0.07553680555555554,0.08051874999999999,0.06517546296296298,0.06889907407407407,True,1.6227534374508144,1.5748823209849092,1.6792072508697513,1.4023771185444,1.4648995371360476,True,1.4317126404834646,0.19104079696734977,1.1334351542100227
4,4,hva,30,7,0.425,0.3924603174603175,0.46388888888888885,0.25793650793650796,0.28850198412698413,True,0.39166666666666666,0.275,0.49722222222222234,-0.0638888888888889,0.06944444444444445,True,False,True,0.31666666666666665,0.20555555555555557,0.42777777777777776,-0.05138888888888889,0.05000000000000001,True,False,True,-0.0375,-0.10833333333333332,0.03194444444444444,-0.034722222222222224,0.03541666666666666,False,True,True,0.575,0.5138888888888888,0.6306944444444439,0.2361111111111111,0.3111111111111111,True,0.5833333333333335,0.5166666666666667,0.65,0.2388888888888889,0.30833333333333335,True,0.3083333333333334,0.2708333333333333,0.351388888888889,0.25414930555555554,0.29168402777777785,True,3.548444115384302,3.3320390987096293,3.793898083126847,2.307956010918557,2.5714562994723282,True,2.434925646398491,1.113518468985811,1.4573110766781816
6,4,hva,30,11,0.4415151515151515,0.4084848484848485,0.47484848484848474,0.2636325757575758,0.28288636363636366,True,0.4,0.2866666666666667,0.51,-0.034999999999999996,0.03666666666666667,True,False,True,0.32444444444444437,0.23555555555555555,0.4177777777777777,-0.028888888888888888,0.03168055555555554,True,False,True,-0.04388888888888889,-0.12556944444444443,0.03833333333333333,-0.021395833333333333,0.020840277777777777,False,True,True,0.5783333333333334,0.5166666666666667,0.6416666666666667,0.2525,0.29502083333333334,True,0.5599999999999999,0.5066666666666666,0.6177777777777779,0.25277777777777777,0.29388888888888887,True,0.33666666666666667,0.29277777777777775,0.3788888888888889,0.26221527777777776,0.28555555555555556,True,5.431949407527237,5.0396049909729825,5.846618613827218,3.10430559205842,3.41334736731781,True,3.2511139722824423,2.180835435244795,1.6707963651344222
8,4,hva,30,15,0.47087301587301583,0.43990873015873017,0.5037341269841269,0.2665853174603175,0.28016071428571426,True,0.4694444444444445,0.3678571428571428,0.5702380952380952,-0.024206349206349207,0.02896825396825397,True,False,True,0.4071428571428572,0.3166666666666667,0.49642857142857155,-0.022321428571428572,0.024412202380952378,True,False,True,-0.03511904761904761,-0.12470982142857145,0.06222470238095227,-0.015922619047619047,0.015476190476190475,False,True,True,0.6123015873015875,0.5551587301587301,0.6694444444444445,0.25873015873015875,0.2884920634920635,True,0.6166666666666666,0.5630952380952381,0.670238095238095,0.2586235119047619,0.28899553571428566,True,0.34494047619047624,0.2976116071428571,0.3907738095238094,0.26532738095238095,0.2815476190476191,True,7.756587398151776,7.226777489709531,8.33146191673906,3.85179275018309,4.195879362180506,True,4.016884810720028,3.739702587431748,1.9309957252076155
10,4,hva,30,19,0.495906432748538,0.46509746588693957,0.5296320662768031,0.2681761695906433,0.27914230019493175,True,0.5319444444444444,0.4453703703703704,0.6139236111111109,-0.01851851851851852,0.02037037037037037,True,False,True,0.4844444444444445,0.4029629629629631,0.5644444444444444,-0.01796759259259259,0.018703703703703705,True,False,True,-0.030370370370370364,-0.13262499999999994,0.0714999999999999,-0.012780092592592591,0.012597222222222218,False,True,True,0.6486111111111111,0.5962962962962962,0.700925925925926,0.26249421296296294,0.2854166666666666,True,0.6651851851851852,0.6177777777777779,0.7140740740740742,0.26184722222222223,0.2855555555555555,True,0.35018518518518515,0.29869444444444443,0.4051898148148148,0.26666666666666666,0.28055555555555556,True,10.23433200434832,9.558405088775576,10.969204893656084,4.557435180503438,4.934875006914071,True,4.740998370840665,5.493333633507654,2.158687095801213
4,6,hea,30,7,0.13855820105820107,0.12989417989417992,0.14781746031746032,0.09874338624338623,0.11064814814814813,True,0.00787037037037037,-0.02175925925925926,0.03842592592592593,-0.02871527777777778,0.026400462962962955,False,False,False,-0.009722222222222222,-0.03495949074074074,0.014820601851851821,-0.018530092592592595,0.01944444444444444,False,False,False,0.017361111111111112,0.000810185185185185,0.034609374999999984,-0.01447337962962963,0.013544560185185184,True,False,True,0.15231481481481485,0.12824074074074074,0.17638888888888887,0.0875,0.12037037037037036,True,0.16064814814814815,0.14259259259259258,0.18426504629629625,0.09490740740740743,0.11875578703703703,True,0.12407407407407406,0.11469618055555553,0.13391203703703702,0.09594618055555555,0.1118113425925926,True,1.63023950134544,1.5709503834690393,1.6964802136654324,1.3788995065555223,1.4649386170918648,True,1.4199210600200973,0.21031844132534272,1.1481198126058965
6,6,hea,30,11,0.0943771043771044,0.09161574074074075,0.0971043771043771,0.07905681818181817,0.08484848484848483,True,-0.00111111111111111,-0.012499999999999999,0.010185185185185186,-0.010833333333333332,0.011576388888888888,False,False,False,-0.008765432098765432,-0.019322530864197534,0.0028395061728395047,-0.009574074074074073,0.00895216049382716,False,False,False,0.0055246913580246915,-0.0013271604938271606,0.01237885802469134,-0.006790123456790123,0.006759259259259259,False,False,False,0.09499999999999999,0.08777777777777777,0.10222222222222221,0.07462962962962963,0.08833564814814814,True,0.10160493827160492,0.09438271604938271,0.10932098765432095,0.07666666666666666,0.08802469135802468,True,0.09055555555555556,0.08604938271604938,0.09512422839506174,0.07799382716049384,0.08605015432098766,True,1.5500130800509906,1.515708176935042,1.5880292844449146,1.3986068464973027,1.469279787235257,True,1.4330602857269628,0.11695279432402783,1.0816105194518737
8,6,hea,30,15,0.07864417989417988,0.07607109788359788,0.08103273809523809,0.06774222883597884,0.07156101190476191,True,0.003802910052910053,-0.002845568783068784,0.0101860119047619,-0.0068154761904761895,0.006318617724867723,False,False,False,0.0010664682539682539,-0.005233754960317461,0.007590525793650787,-0.006079489087301588,0.005780009920634921,False,False,False,0.0012028769841269838,-0.002182849702380953,0.004749813988095236,-0.004416232638888888,0.004416852678571425,False,False,False,0.08111772486772485,0.07704943783068785,0.0855489417989418,0.06497933201058201,0.0731836970899471,True,0.07976190476190476,0.0757936507936508,0.08390376984126983,0.06619357638888888,0.07331411210317462,True,0.0771577380952381,0.07375992063492065,0.08060577876984128,0.06693948412698413,0.0720991443452381,True,1.5384973649456881,1.4947889987586263,1.5874041241342345,1.4110349202501729,1.4703257573769555,True,1.4401060269728339,0.09839133797285426,1.0683222874774556
10,6,hea,30,19,0.06674463937621833,0.06548391812865496,0.06793705328135154,0.060054662118258606,0.06261232943469786,True,-7.716049382716106e-05,-0.004290895061728396,0.004413580246913579,-0.004445601851851851,0.0049232253086419755,False,False,False,0.0014320987654320987,-0.002493827160493828,0.0056172839506172835,-0.003914197530864196,0.004039814814814812,False,False,False,0.0006172839506172842,-0.002309104938271604,0.003198148148148146,-0.002766203703703704,0.0027604938271604926,False,False,False,0.06720679012345677,0.06418209876543209,0.07001543209876541,0.058487268518518515,0.06387422839506172,True,0.0661111111111111,0.06320987654320988,0.06890123456790123,0.05896265432098765,0.06386450617283951,True,0.06687654320987654,0.06497530864197532,0.06855586419753086,0.059610648148148156,0.06324151234567903,True,1.5175519262617614,1.4865976135658274,1.5510033407210828,1.4181392298788145,1.4713868988556589,True,1.4442640900616588,0.0732878362001026,1.0507440686952023
4,6,hva,30,7,0.3854497354497354,0.35740740740740734,0.41772486772486767,0.21243386243386245,0.23889550264550263,True,0.29444444444444445,0.22407407407407404,0.36481481481481476,-0.057407407407407386,0.06111111111111111,True,False,True,0.25555555555555554,0.17037037037037037,0.3444444444444444,-0.041666666666666664,0.04351851851851851,True,False,True,0.02222222222222222,-0.04351851851851851,0.09166666666666665,-0.030555555555555548,0.027314814814814813,False,False,False,0.46111111111111114,0.41666666666666663,0.5092592592592593,0.1925925925925926,0.25925925925925924,True,0.5296296296296297,0.47407407407407404,0.5926851851851848,0.19814814814814818,0.2518518518518519,True,0.29444444444444445,0.2518518518518518,0.3342824074074074,0.2101851851851852,0.24212962962962964,True,3.377905120036728,3.180421288563167,3.5848380970031664,2.067791504171866,2.2611915267183034,True,2.1636563999268397,1.2142487201098882,1.561202194651122
6,6,hva,30,11,0.38848484848484854,0.36767676767676777,0.41111616161616166,0.21737373737373736,0.23353787878787882,True,0.2766666666666666,0.19777777777777777,0.35333333333333333,-0.031111111111111114,0.031138888888888872,True,False,True,0.21481481481481476,0.14074074074074078,0.28888888888888886,-0.02666666666666667,0.02852777777777777,True,False,True,0.002222222222222225,-0.053370370370370374,0.05816666666666658,-0.017782407407407406,0.018337962962962955,False,False,False,0.4788888888888889,0.4377777777777777,0.5222222222222223,0.20887499999999998,0.24388888888888888,True,0.4933333333333333,0.45481481481481484,0.5318518518518519,0.2077777777777778,0.2422222222222222,True,0.305925925925926,0.27370370370370367,0.33926851851851847,0.21462962962962967,0.23574537037037036,True,4.85458476544436,4.601882837782419,5.113842926831058,2.676378705795005,2.915998401103725,True,2.7938762325290756,2.0607085329152848,1.737580465778145
8,6,hva,30,15,0.4117989417989417,0.38872751322751314,0.43456349206349193,0.21941666666666668,0.23148544973544974,True,0.34735449735449736,0.27538359788359784,0.41509259259259257,-0.020370370370370375,0.01984126984126984,True,False,True,0.2936507936507936,0.22857142857142856,0.3674603174603174,-0.018065476190476184,0.02104166666666666,True,False,True,-0.009523809523809514,-0.07183035714285714,0.04961805555555549,-0.01369295634920635,0.013298611111111105,False,False,False,0.5246031746031745,0.48596560846560843,0.5605820105820105,0.21402116402116403,0.23757275132275132,True,0.526984126984127,0.48650793650793656,0.5682539682539682,0.21349206349206348,0.23750992063492055,True,0.31190476190476185,0.27916170634920634,0.3470238095238095,0.21815476190476193,0.23254464285714285,True,6.703804141732983,6.286315245387506,7.168011018317696,3.2341527683648397,3.503965675792552,True,3.364981302444961,3.3388228392880217,1.9922262679029055
10,6,hva,30,19,0.4395061728395062,0.4147498375568551,0.464329109811566,0.2209860298895386,0.2302485380116959,True,0.43179012345679,0.3682021604938272,0.49166666666666664,-0.015748456790123457,0.015432098765432094,True,False,True,0.3748148148148148,0.311604938271605,0.4449382716049383,-0.014200617283950619,0.01580246913580247,True,False,True,-0.01135802469135802,-0.08445679012345676,0.0597623456790123,-0.009757716049382718,0.01031018518518519,False,True,True,0.5796296296296297,0.5425925925925926,0.6160493827160494,0.21589120370370368,0.23472222222222222,True,0.5782716049382716,0.539753086419753,0.6197530864197531,0.21604938271604937,0.23580246913580244,True,0.31407407407407406,0.2786388888888888,0.35346604938271603,0.21986574074074075,0.23148302469135804,True,8.973448131472507,8.438760410202745,9.527775749164304,3.7813129360401936,4.059060271544063,True,3.919436158071092,5.0540119734014155,2.289474243123963
4,8,hea,30,7,0.1305059523809524,0.12202256944444444,0.13913690476190474,0.08769717261904761,0.09856150793650793,True,0.017708333333333333,-0.02048611111111111,0.05972222222222222,-0.023272569444444446,0.02430555555555556,False,False,False,0.027777777777777787,0.001562500000000002,0.05434461805555552,-0.017712673611111115,0.01736545138888889,True,False,True,0.0008680555555555562,-0.018663194444444444,0.02040147569444443,-0.011202256944444447,0.01172092013888889,False,False,False,0.13020833333333334,0.11318576388888886,0.14861111111111108,0.07777777777777777,0.10660590277777779,True,0.14097222222222222,0.12621527777777777,0.1576388888888889,0.0842013888888889,0.10399305555555555,True,0.1253472222222222,0.1154448784722222,0.13455295138888887,0.0857638888888889,0.09991536458333332,True,1.6065990889487087,1.5500867653292623,1.6639529661699384,1.3476460499582041,1.4176437616511401,True,1.3812159707901897,0.22538311815851908,1.1631773183375356
6,8,hea,30,11,0.08962121212121214,0.08628787878787879,0.09293023989898991,0.0710858585858586,0.07648989898989898,True,-0.016805555555555553,-0.02965277777777777,-0.003401041666666674,-0.010071180555555552,0.010210069444444445,False,True,True,-0.007685185185185185,-0.01601851851851852,0.0004641203703703642,-0.008472222222222221,0.008657407407407404,False,False,False,-0.00673611111111111,-0.01423611111111111,0.0008807870370370312,-0.005998842592592592,0.0059259259259259265,False,True,True,0.08937500000000001,0.08222222222222224,0.09652777777777777,0.06750000000000002,0.07972395833333333,True,0.08893518518518517,0.08282291666666668,0.09537037037037036,0.06870370370370371,0.07893634259259258,True,0.09004629629629628,0.08597164351851849,0.09393576388888887,0.07002256944444445,0.0775,True,1.5640339315130611,1.5178041423825543,1.6130790156674548,1.375080050386015,1.4351900709940681,True,1.4047436668092166,0.15929026470384455,1.113394541984775
8,8,hea,30,15,0.0693204365079365,0.0675045882936508,0.07124020337301587,0.061308531746031736,0.06461830357142857,True,-0.0009176587301587294,-0.008953373015873015,0.007391493055555552,-0.0062512400793650795,0.006201636904761904,False,False,False,-0.0032180059523809522,-0.007553478422619048,0.0009672619047619048,-0.005655691964285713,0.005319940476190476,False,False,False,-0.002632068452380952,-0.004901878720238097,-0.000344122023809524,-0.0034791201636904753,0.0037021019345238083,False,False,False,0.07185019841269842,0.06760912698412698,0.07639012896825395,0.05895337301587303,0.0665922619047619,True,0.0673549107142857,0.063466796875,0.07144810267857142,0.059820963541666675,0.06642485119047618,True,0.06935453869047618,0.06665666852678571,0.07211751302083332,0.06064918154761905,0.06528180803571429,True,1.5044496866883839,1.475971643896044,1.53623798803211,1.3921873203031851,1.4418286615573084,True,1.4170502711289727,0.08739941555941111,1.0616770042249661
10,8,hea,30,19,0.059734405458089675,0.058311342592592595,0.06115746832358675,0.05464638157894737,0.05688840155945419,True,-0.0013541666666666663,-0.0068295717592592575,0.003958333333333334,-0.0038428819444444448,0.004398726851851852,False,False,False,0.0015462962962962967,-0.00230625,0.005630324074074068,-0.003833564814814814,0.003908333333333332,False,False,False,0.0009722222222222222,-0.0015417824074074073,0.0034402777777777743,-0.0026576388888888886,0.0027177083333333333,False,False,False,0.060659722222222226,0.05804398148148148,0.06357696759259258,0.053227141203703705,0.05807899305555557,True,0.05973148148148147,0.056472222222222236,0.06303703703703703,0.053731249999999994,0.058138888888888886,True,0.05936574074074075,0.057633912037037036,0.061115740740740734,0.0542545138888889,0.05740289351851852,True,1.483056182038575,1.451120793712976,1.5169537616936823,1.4012159168787623,1.446171691639248,True,1.4232768532710525,0.059779328767522566,1.0420011950803068
4,8,hva,30,7,0.3636904761904762,0.3331349206349207,0.3942460317460318,0.18591269841269842,0.208531746031746,True,0.27361111111111114,0.17916666666666667,0.3680555555555555,-0.04583333333333333,0.051388888888888894,True,False,True,0.38333333333333336,0.3027777777777778,0.46388888888888885,-0.03472222222222222,0.03680555555555555,True,False,True,0.02847222222222222,-0.022222222222222216,0.08541666666666667,-0.024305555555555556,0.02465277777777777,True,False,True,0.5291666666666666,0.47916666666666663,0.5792361111111108,0.16944444444444443,0.22638888888888886,True,0.5,0.44722222222222224,0.5584027777777775,0.17569444444444443,0.21944444444444441,True,0.25416666666666665,0.21111111111111108,0.29999999999999993,0.1812413194444444,0.21181423611111116,True,3.202561188476962,3.0092983815920875,3.41179099993672,1.9212002254550407,2.089129647941043,True,2.0028032270651113,1.1997579614118505,1.5990393590337701
6,8,hva,30,11,0.3524242424242425,0.3287803030303031,0.37909469696969705,0.19014772727272725,0.20371401515151513,True,0.22750000000000004,0.15747916666666661,0.30499999999999994,-0.025020833333333336,0.02585416666666665,True,False,True,0.2911111111111111,0.20888888888888896,0.36666666666666675,-0.021944444444444444,0.02528472222222222,True,False,True,0.0044444444444444444,-0.04445138888888889,0.04777777777777778,-0.016249999999999997,0.01500694444444444,False,False,False,0.48333333333333334,0.4424791666666666,0.5283333333333333,0.18083333333333335,0.2129375,True,0.4577777777777778,0.41777777777777786,0.5,0.18250000000000002,0.21111805555555554,True,0.25611111111111107,0.2238888888888889,0.29305555555555557,0.1873611111111111,0.2059722222222222,True,4.397893687052952,4.108157649182253,4.733348162505556,2.4377219124577034,2.6344360061263115,True,2.530871986076983,1.867021700975969,1.7376989872450936
8,8,hva,30,15,0.3678174603174602,0.3436904761904762,0.3940892857142857,0.1915833333333333,0.20138888888888892,True,0.2942460317460317,0.22082341269841266,0.36686507936507934,-0.018462301587301586,0.020436507936507937,True,False,True,0.31607142857142867,0.2505952380952381,0.381547619047619,-0.015777529761904757,0.017116815476190473,True,False,True,-0.008035714285714288,-0.05893229166666668,0.04151785714285715,-0.010790550595238094,0.011383928571428571,False,False,False,0.5053571428571428,0.46091269841269844,0.5541666666666667,0.18551091269841266,0.20813988095238098,True,0.4648809523809525,0.4303571428571428,0.5011904761904761,0.1863095238095238,0.2063988095238095,True,0.2677083333333333,0.2366034226190476,0.30074404761904755,0.18950706845238094,0.203125,True,6.056945711103635,5.653769644514948,6.477753159789562,2.904905605215088,3.11697574296204,True,3.0018203053129806,3.0551254057906547,2.0177575920794886
10,8,hva,30,19,0.39205653021442494,0.3663206627680313,0.4174463937621831,0.19244578460038986,0.20043920565302145,True,0.3701388888888889,0.30994212962962964,0.43565393518518514,-0.01435185185185185,0.014126157407407403,True,False,True,0.37851851851851853,0.31925925925925924,0.43853703703703684,-0.012967592592592593,0.013611111111111109,True,False,True,-0.014166666666666668,-0.07333564814814814,0.04425925925925924,-0.00935300925925926,0.009166666666666665,False,True,True,0.5537037037037038,0.5101793981481482,0.6002372685185186,0.1869212962962963,0.2047482638888889,True,0.5037037037037037,0.4674074074074074,0.5392777777777777,0.18833333333333338,0.20453703703703704,True,0.2715740740740741,0.23907175925925928,0.30565277777777766,0.19115740740740744,0.20162037037037037,True,8.105153068221828,7.541957525159259,8.638745346446315,3.348206655766433,3.5747642700956805,True,3.4575412832452734,4.647611784976554,2.344195601509716
