zero_tol,n_qubits,depth,circuit_variant,zero_fraction_ZZ_terms,mean_abs_offdiag_obs,block_zz_obs,block_x_obs,block_cross_obs,block_cross_abs_obs,lam_max_ratio
1e-08,4,4,hea,0.2291666666666667,0.14662698412698413,-0.013194444444444444,0.01770833333333333,-0.0026041666666666674,0.13350694444444444,1.1092059048854943
1e-09,4,4,hea,0.2291666666666667,0.14662698412698413,-0.013194444444444444,0.01770833333333333,-0.0026041666666666674,0.13350694444444444,1.109866736906432
1e-10,4,4,hea,0.2291666666666667,0.14662698412698413,-0.013194444444444444,0.01770833333333333,-0.0026041666666666674,0.13350694444444444,1.1111590570562146
1e-12,4,4,hea,0.2291666666666667,0.14662698412698413,-0.013194444444444444,0.01770833333333333,-0.0026041666666666674,0.13350694444444444,1.1096388289818986
1e-08,6,4,hea,0.2916666666666667,0.10535353535353537,-0.013888888888888892,0.010277777777777778,0.008055555555555555,0.1039351851851852,1.0963960478948411
1e-09,6,4,hea,0.2916666666666667,0.10535353535353537,-0.013888888888888892,0.010277777777777778,0.008055555555555555,0.1039351851851852,1.0963758662207692
1e-10,6,4,hea,0.2916666666666667,0.10535353535353537,-0.013888888888888892,0.010277777777777778,0.008055555555555555,0.1039351851851852,1.0988966970789844
1e-12,6,4,hea,0.2916666666666667,0.10535353535353537,-0.013888888888888892,0.010277777777777778,0.008055555555555555,0.1039351851851852,1.098124103206755
1e-08,8,4,hea,0.3348214285714286,0.084484126984127,0.0007936507936507935,0.006101190476190477,-0.002678571428571429,0.08404017857142856,1.0888209620135405
1e-09,8,4,hea,0.3348214285714286,0.084484126984127,0.0007936507936507935,0.006101190476190477,-0.002678571428571429,0.08404017857142856,1.0883461172783033
1e-10,8,4,hea,0.3348214285714286,0.084484126984127,0.0007936507936507935,0.006101190476190477,-0.002678571428571429,0.08404017857142856,1.0878269465082648
1e-12,8,4,hea,0.3348214285714286,0.084484126984127,0.0007936507936507935,0.006101190476190477,-0.002678571428571429,0.08404017857142856,1.0885262876824335
1e-08,10,4,hea,0.36393518518518514,0.07705165692007797,-0.003634259259259258,0.0010925925925925927,0.0016759259259259253,0.07797222222222223,1.1347531381217792
1e-09,10,4,hea,0.3638888888888889,0.077046783625731,-0.0035879629629629616,0.0010925925925925927,0.0016851851851851847,0.07797222222222223,1.1334351542100227
1e-10,10,4,hea,0.3638888888888889,0.077046783625731,-0.0035879629629629616,0.0010925925925925927,0.0016851851851851847,0.07797222222222223,1.1336252843464927
1e-12,10,4,hea,0.3638888888888889,0.077046783625731,-0.0035879629629629616,0.0010925925925925927,0.0016851851851851847,0.07797222222222223,1.133918580243561
1e-08,4,6,hea,0.15277777777777776,0.13855820105820107,0.00787037037037037,-0.009722222222222222,0.017361111111111112,0.12407407407407406,1.1486330750121656
1e-09,4,6,hea,0.15277777777777776,0.13855820105820107,0.00787037037037037,-0.009722222222222222,0.017361111111111112,0.12407407407407406,1.1481198126058965
1e-10,4,6,hea,0.15277777777777776,0.13855820105820107,0.00787037037037037,-0.009722222222222222,0.017361111111111112,0.12407407407407406,1.1481764293625696
1e-12,4,6,hea,0.15277777777777776,0.13855820105820107,0.00787037037037037,-0.009722222222222222,0.017361111111111112,0.12407407407407406,1.1486565787390912
1e-08,6,6,hea,0.1944444444444445,0.0943771043771044,-0.00111111111111111,-0.008765432098765432,0.0055246913580246915,0.09055555555555556,1.0802414612875473
1e-09,6,6,hea,0.1944444444444445,0.0943771043771044,-0.00111111111111111,-0.008765432098765432,0.0055246913580246915,0.09055555555555556,1.0816105194518737
1e-10,6,6,hea,0.1944444444444445,0.0943771043771044,-0.00111111111111111,-0.008765432098765432,0.0055246913580246915,0.09055555555555556,1.0807497427930048
1e-12,6,6,hea,0.1944444444444445,0.0943771043771044,-0.00111111111111111,-0.008765432098765432,0.0055246913580246915,0.09055555555555556,1.0808100431842143
1e-08,8,6,hea,0.2232142857142857,0.07864417989417988,0.003802910052910053,0.0010664682539682539,0.0012028769841269838,0.0771577380952381,1.0687125570293747
1e-09,8,6,hea,0.2232142857142857,0.07864417989417988,0.003802910052910053,0.0010664682539682539,0.0012028769841269838,0.0771577380952381,1.0683222874774556
1e-10,8,6,hea,0.2232142857142857,0.07864417989417988,0.003802910052910053,0.0010664682539682539,0.0012028769841269838,0.0771577380952381,1.0681102920369159
1e-12,8,6,hea,0.2232142857142857,0.07864417989417988,0.003802910052910053,0.0010664682539682539,0.0012028769841269838,0.0771577380952381,1.069079218037061
1e-08,10,6,hea,0.24259259259259264,0.06674463937621833,-7.716049382716106e-05,0.0014320987654320987,0.0006172839506172842,0.06687654320987654,1.0508311110374886
1e-09,10,6,hea,0.24259259259259264,0.06674463937621833,-7.716049382716106e-05,0.0014320987654320987,0.0006172839506172842,0.06687654320987654,1.0507440686952023
1e-10,10,6,hea,0.24259259259259264,0.06674463937621833,-7.716049382716106e-05,0.0014320987654320987,0.0006172839506172842,0.06687654320987654,1.0514462870439834
1e-12,10,6,hea,0.24259259259259264,0.06674463937621833,-7.716049382716106e-05,0.0014320987654320987,0.0006172839506172842,0.06687654320987654,1.0511849831130946
1e-08,4,8,hea,0.11458333333333336,0.1305059523809524,0.017708333333333333,0.027777777777777787,0.0008680555555555562,0.1253472222222222,1.163547018983417
1e-09,4,8,hea,0.11458333333333336,0.1305059523809524,0.017708333333333333,0.027777777777777787,0.0008680555555555562,0.1253472222222222,1.1631773183375356
1e-10,4,8,hea,0.11458333333333336,0.1305059523809524,0.017708333333333333,0.027777777777777787,0.0008680555555555562,0.1253472222222222,1.1628527073416328
1e-12,4,8,hea,0.11458333333333336,0.1305059523809524,0.017708333333333333,0.027777777777777787,0.0008680555555555562,0.1253472222222222,1.1628063031686469
1e-08,6,8,hea,0.14583333333333334,0.08962121212121214,-0.016805555555555553,-0.007685185185185185,-0.00673611111111111,0.09004629629629628,1.1126725337093037
1e-09,6,8,hea,0.14583333333333334,0.08962121212121214,-0.016805555555555553,-0.007685185185185185,-0.00673611111111111,0.09004629629629628,1.113394541984775
1e-10,6,8,hea,0.14583333333333334,0.08962121212121214,-0.016805555555555553,-0.007685185185185185,-0.00673611111111111,0.09004629629629628,1.1134826746157196
1e-12,6,8,hea,0.14583333333333334,0.08962121212121214,-0.016805555555555553,-0.007685185185185185,-0.00673611111111111,0.09004629629629628,1.1148201123463815
1e-08,8,8,hea,0.16744791666666667,0.06931051587301587,-0.0008928571428571422,-0.0032180059523809522,-0.002641369047619047,0.0693452380952381,1.0624163679570924
1e-09,8,8,hea,0.1674107142857143,0.0693204365079365,-0.0009176587301587294,-0.0032180059523809522,-0.002632068452380952,0.06935453869047618,1.0616770042249661
1e-10,8,8,hea,0.1674107142857143,0.0693204365079365,-0.0009176587301587294,-0.0032180059523809522,-0.002632068452380952,0.06935453869047618,1.0620846007793627
1e-12,8,8,hea,0.1674107142857143,0.0693204365079365,-0.0009176587301587294,-0.0032180059523809522,-0.002632068452380952,0.06935453869047618,1.0627737008210012
1e-08,10,8,hea,0.18194444444444444,0.059734405458089675,-0.0013541666666666663,0.0015462962962962967,0.0009722222222222222,0.05936574074074075,1.0415461830629857
1e-09,10,8,hea,0.18194444444444444,0.059734405458089675,-0.0013541666666666663,0.0015462962962962967,0.0009722222222222222,0.05936574074074075,1.0420011950803068
1e-10,10,8,hea,0.18194444444444444,0.059734405458089675,-0.0013541666666666663,0.0015462962962962967,0.0009722222222222222,0.05936574074074075,1.0415667502495762
1e-12,10,8,hea,0.18194444444444444,0.059734405458089675,-0.0013541666666666663,0.0015462962962962967,0.0009722222222222222,0.05936574074074075,1.0411648654183596
1e-08,4,4,hva,0.125,0.425,0.39166666666666666,0.31666666666666665,-0.0375,0.3083333333333334,1.4552139310056988
1e-09,4,4,hva,0.125,0.425,0.39166666666666666,0.31666666666666665,-0.0375,0.3083333333333334,1.4573110766781816
1e-10,4,4,hva,0.125,0.425,0.39166666666666666,0.31666666666666665,-0.0375,0.3083333333333334,1.4535917023197942
1e-12,4,4,hva,0.0125,0.4367063492063492,0.40694444444444444,0.31666666666666665,-0.03611111111111111,0.3166666666666667,1.4486214837214233
1e-08,6,4,hva,0.125,0.4415151515151515,0.4,0.32444444444444437,-0.04388888888888889,0.33666666666666667,1.6682980575755333
1e-09,6,4,hva,0.125,0.4415151515151515,0.4,0.32444444444444437,-0.04388888888888889,0.33666666666666667,1.6707963651344222
1e-10,6,4,hva,0.125,0.4415151515151515,0.4,0.32444444444444437,-0.04388888888888889,0.33666666666666667,1.67184830418159
1e-12,6,4,hva,0.022500000000000006,0.46,0.42916666666666664,0.32444444444444437,-0.04527777777777777,0.35305555555555557,1.703662895924418
1e-08,8,4,hva,0.125,0.47087301587301583,0.4694444444444445,0.4071428571428572,-0.03511904761904761,0.34494047619047624,1.9320887374905706
1e-09,8,4,hva,0.125,0.47087301587301583,0.4694444444444445,0.4071428571428572,-0.03511904761904761,0.34494047619047624,1.9309957252076155
1e-10,8,4,hva,0.125,0.47087301587301583,0.4694444444444445,0.4071428571428572,-0.03511904761904761,0.34494047619047624,1.9315033786083151
1e-12,8,4,hva,0.012499999999999999,0.4882936507936508,0.514484126984127,0.4071428571428572,-0.035416666666666666,0.3511904761904762,1.9389785097589105
1e-08,10,4,hva,0.125,0.495906432748538,0.5319444444444444,0.4844444444444445,-0.030370370370370364,0.35018518518518515,2.158337817119153
1e-09,10,4,hva,0.125,0.495906432748538,0.5319444444444444,0.4844444444444445,-0.030370370370370364,0.35018518518518515,2.158687095801213
1e-10,10,4,hva,0.125,0.495906432748538,0.5319444444444444,0.4844444444444445,-0.030370370370370364,0.35018518518518515,2.158696541386472
1e-12,10,4,hva,0.017129629629629627,0.5136695906432749,0.5760416666666669,0.4844444444444445,-0.026203703703703708,0.3576851851851852,2.1738676956730987
1e-08,4,6,hva,0.08333333333333336,0.3854497354497354,0.29444444444444445,0.25555555555555554,0.02222222222222222,0.29444444444444445,1.5599132894237178
1e-09,4,6,hva,0.08333333333333336,0.3854497354497354,0.29444444444444445,0.25555555555555554,0.02222222222222222,0.29444444444444445,1.561202194651122
1e-10,4,6,hva,0.08333333333333336,0.3854497354497354,0.29444444444444445,0.25555555555555554,0.02222222222222222,0.29444444444444445,1.5597362024860504
1e-12,4,6,hva,0.022222222222222223,0.38571428571428584,0.30370370370370375,0.25555555555555554,0.029629629629629624,0.29259259259259257,1.5421470229096932
1e-08,6,6,hva,0.08333333333333336,0.38848484848484854,0.2766666666666666,0.21481481481481476,0.002222222222222225,0.305925925925926,1.7379483068938328
1e-09,6,6,hva,0.08333333333333336,0.38848484848484854,0.2766666666666666,0.21481481481481476,0.002222222222222225,0.305925925925926,1.737580465778145
1e-10,6,6,hva,0.08333333333333336,0.38848484848484854,0.2766666666666666,0.21481481481481476,0.002222222222222225,0.305925925925926,1.7357333790325733
1e-12,6,6,hva,0.011111111111111112,0.3927777777777777,0.28861111111111104,0.21481481481481476,0.004444444444444442,0.3074074074074073,1.7219776238513325
1e-08,8,6,hva,0.08333333333333336,0.4117989417989417,0.34735449735449736,0.2936507936507936,-0.009523809523809514,0.31190476190476185,1.9865767726700438
1e-09,8,6,hva,0.08333333333333336,0.4117989417989417,0.34735449735449736,0.2936507936507936,-0.009523809523809514,0.31190476190476185,1.9922262679029055
1e-10,8,6,hva,0.08333333333333336,0.4117989417989417,0.34735449735449736,0.2936507936507936,-0.009523809523809514,0.31190476190476185,1.986479043854432
1e-12,8,6,hva,0.013888888888888888,0.41738095238095246,0.3662698412698413,0.2936507936507936,0.0011904761904761912,0.31448412698412687,1.9786588303536505
1e-08,10,6,hva,0.08333333333333336,0.4395061728395062,0.43179012345679,0.3748148148148148,-0.01135802469135802,0.31407407407407406,2.2876066156820194
1e-09,10,6,hva,0.08333333333333336,0.4395061728395062,0.43179012345679,0.3748148148148148,-0.01135802469135802,0.31407407407407406,2.289474243123963
1e-10,10,6,hva,0.08333333333333336,0.4395061728395062,0.43179012345679,0.3748148148148148,-0.01135802469135802,0.31407407407407406,2.2853239866150425
1e-12,10,6,hva,0.010493827160493826,0.4467836257309941,0.452932098765432,0.3748148148148148,-0.005802469135802469,0.3167901234567901,2.276289506262286
1e-08,4,8,hva,0.0625,0.3636904761904762,0.27361111111111114,0.38333333333333336,0.02847222222222222,0.25416666666666665,1.5995776498934413
1e-09,4,8,hva,0.0625,0.3636904761904762,0.27361111111111114,0.38333333333333336,0.02847222222222222,0.25416666666666665,1.5990393590337701
1e-10,4,8,hva,0.0625,0.3636904761904762,0.27361111111111114,0.38333333333333336,0.02847222222222222,0.25416666666666665,1.6004271164538135
1e-12,4,8,hva,0.008333333333333333,0.3609126984126984,0.2736111111111111,0.38333333333333336,0.02430555555555555,0.24930555555555556,1.5690498004230666
1e-08,6,8,hva,0.0625,0.3524242424242425,0.22750000000000004,0.2911111111111111,0.0044444444444444444,0.25611111111111107,1.738037201220712
1e-09,6,8,hva,0.0625,0.3524242424242425,0.22750000000000004,0.2911111111111111,0.0044444444444444444,0.25611111111111107,1.7376989872450936
1e-10,6,8,hva,0.0625,0.3524242424242425,0.22750000000000004,0.2911111111111111,0.0044444444444444444,0.25611111111111107,1.7429268016670152
1e-12,6,8,hva,0.007083333333333334,0.35719696969696973,0.23541666666666664,0.2911111111111111,0.003194444444444446,0.26041666666666663,1.7296356852352754
1e-08,8,8,hva,0.0625,0.3678174603174602,0.2942460317460317,0.31607142857142867,-0.008035714285714288,0.2677083333333333,2.0107145560930872
1e-09,8,8,hva,0.0625,0.3678174603174602,0.2942460317460317,0.31607142857142867,-0.008035714285714288,0.2677083333333333,2.0177575920794886
1e-10,8,8,hva,0.0625,0.3678174603174602,0.2942460317460317,0.31607142857142867,-0.008035714285714288,0.2677083333333333,2.0154097976932617
1e-12,8,8,hva,0.007738095238095237,0.37180555555555556,0.3052579365079366,0.31607142857142867,-0.005803571428571425,0.26755952380952386,2.00201952898055
1e-08,10,8,hva,0.0625,0.39205653021442494,0.3701388888888889,0.37851851851851853,-0.014166666666666668,0.2715740740740741,2.3452398161202903
1e-09,10,8,hva,0.0625,0.39205653021442494,0.3701388888888889,0.37851851851851853,-0.014166666666666668,0.2715740740740741,2.344195601509716
1e-10,10,8,hva,0.0625,0.39205653021442494,0.3701388888888889,0.37851851851851853,-0.014166666666666668,0.2715740740740741,2.343602526999228
1e-12,10,8,hva,0.007175925925925927,0.3977948343079922,0.3870949074074074,0.37851851851851853,-0.01902777777777778,0.2731944444444444,2.3487976001758697
