n_qubits,depth,circuit_variant,E_Q,E_B2,M2,ci_low_M2,ci_high_M2,F,ci_low_F,ci_high_F,mean_grad_ratio,ci_low_mgr,ci_high_mgr,param_avg_var_plugin,var_plugin_over_M2,n_params,n_unique_seeds
4,4,hea,0.21043354771369,1.0004662208006774,0.2100595845888264,0.17437541966380682,0.2505359529752261,0.9977577166756557,0.9192783681613577,1.0668030086008442,0.05562385104293997,0.05790459495612192,0.1248701407809594,0.19837526154551566,0.94437614895706,32,30
6,4,hea,0.08066726000237306,1.1050810371001003,0.08762765557513637,0.07482519972471766,0.10190699324629111,0.9829914951015527,0.921449555190535,1.040940683590541,0.0275743737000555,0.038166500035654444,0.08971840280556327,0.08521137785384779,0.9724256262999443,48,30
8,4,hea,0.04134529146008251,0.9927635428393191,0.04143017473853916,0.03701434951574538,0.04676936420430406,1.0093572039083005,0.9792408217761078,1.0396118244804213,0.031797966600151086,0.04349630541695386,0.09326729064860098,0.04011277942596466,0.9682020333998487,64,30
10,4,hea,0.03275916685287492,0.970842566254723,0.031207207570233354,0.026696717144205913,0.03629432229187754,0.9812354997681269,0.9316555717709158,1.0317087957133615,0.036115656545642014,0.049005796825164004,0.09483757656622098,0.03008013877987824,0.9638843434543578,80,30
4,4,hva,4.764327822071066,1.8203772067946424,9.274152382451222,6.964666772888396,11.94119961342257,1.0693286475963322,0.9399970907301906,1.1872961131740987,0.02286854579228931,0.02083330788632281,0.1063859861446361,9.062066004008468,0.9771314542077107,12,30
6,4,hva,7.3156721001011,2.651723150476609,21.505529136741952,15.243320362099567,28.371067514967887,1.1085817405228569,0.9782118624842244,1.2409405936676174,0.023520842088603996,0.019984198426874163,0.11011141615088635,20.999700981884768,0.9764791579113958,12,30
8,4,hva,9.995049255815264,3.9457824958449663,43.56567204546449,31.36133824736685,57.331558862866515,1.104654172506828,0.9843806058346082,1.2413130017874157,0.02314384925138474,0.020329953161213613,0.10996270623233073,42.55739469910899,0.9768561507486152,12,30
10,4,hva,12.68792214243024,5.406758664068714,75.3132394898581,55.78536519028197,97.16911804136035,1.0978521044424525,0.9803486143145406,1.2318655633835816,0.02282700997570227,0.019993787724086137,0.10869444004915038,73.59406342072066,0.9771729900242977,12,30
4,6,hea,0.21825017973608699,1.026120532966704,0.22532675479903475,0.19964026612309752,0.25407618381292213,1.0061431478536866,0.9648592044841253,1.0477675600319392,0.029397328853908666,0.03821493525810866,0.09384780622885365,0.21870275008862347,0.9706026711460913,48,30
6,6,hea,0.07921866168131918,1.0206440758532982,0.08141484045295506,0.07433670156700582,0.08895316230107328,1.0069357398571008,0.9733310358775865,1.0347634005342288,0.040634659420078496,0.05092519033776964,0.10145477999532398,0.0781065761394092,0.9593653405799215,72,30
8,6,hea,0.02799185577650569,1.0584480904228712,0.029675061677795978,0.02764257963364452,0.031895517047606056,1.0015909106595355,0.9738795009167859,1.0312096393763148,0.03223097755160561,0.04384545410202856,0.09341908506164538,0.028718605431016415,0.967769022448394,96,30
10,6,hea,0.011874665027054495,1.0022770443635085,0.011697761886137388,0.010587111526524433,0.012994035458142301,0.9828644472137011,0.9542338838217771,1.0124957328383049,0.03519105232649257,0.048192553393208985,0.09418817385405459,0.011286105335499471,0.9648089476735069,120,30
4,6,hva,4.029067267995885,1.646791074771742,6.73165704437559,5.518097435134782,8.163529537933337,1.0145628578043622,0.9161285183585084,1.1198059445531234,0.035980835814200876,0.0316312695427284,0.12083498911522346,6.489446397504404,0.9640191641857992,18,30
6,6,hva,5.850605322259306,2.330871431673445,14.80080960572118,11.548577209883614,18.495813181694157,1.0853413544588155,0.979315917880684,1.191831662029906,0.03448906738009469,0.029619122322202443,0.12145056323937171,14.290343485949514,0.9655109326199055,18,30
8,6,hva,7.919905599213014,3.468287950541917,31.109969051432408,24.15983771987108,38.799751786817154,1.1325683655009,1.0268169245172587,1.235255099198678,0.03265990022761715,0.03248202804241882,0.11515536689951619,30.093920566128368,0.9673400997723829,18,30
10,6,hva,10.011170968595511,4.852717318651127,55.589173113729515,43.8737495769013,68.59449165919636,1.1442484750188575,1.0435911211451052,1.243623220944418,0.031082793115025455,0.03220125965848668,0.11118919151190806,53.86130634640013,0.9689172068849746,18,30
4,8,hea,0.22157295725029105,1.038033914420831,0.2343396066319729,0.20564231407924827,0.2667621593998947,1.0188667733975578,0.9901442383715378,1.0470281408420994,0.04083370606241525,0.05287270055619404,0.10100391318090687,0.2247706520159809,0.9591662939375848,64,30
6,8,hea,0.08198084360497988,0.9785199544976244,0.07990160469231505,0.07407958789853684,0.08550525692934771,0.9960323224535163,0.9735507902374468,1.0192703765884903,0.029581315761217832,0.044859418648697434,0.08669509838462401,0.07753801009408368,0.9704186842387822,96,30
8,8,hea,0.027276487906647745,0.9782393296606384,0.026840530630417754,0.025274781434707197,0.028460289404613617,1.0059062991191172,0.984992471274334,1.0272075243787306,0.030839790087291184,0.04438082024744624,0.08855611769021139,0.026012774299944152,0.9691602099127085,128,30
10,8,hea,0.008812798130006027,1.0056463397379756,0.00889194520702811,0.00854861793050306,0.009253126441470758,1.0033158625459404,0.9828592009347568,1.0246108973625676,0.032838750118672544,0.048666015557775465,0.08862711300764119,0.00859994484030558,0.9671612498813268,160,30
4,8,hva,3.741253925572503,1.963007945964506,7.087522166929234,5.545595558708179,8.938354789780384,0.9650619373236691,0.8745209350091009,1.0550356258027462,0.04849358218811177,0.04247148361615221,0.12872854785136306,6.743822828217187,0.9515064178118883,24,30
6,8,hva,5.208577603140012,2.6062063098240587,14.881297643667116,11.50794906373573,18.545827831079528,1.096258243467896,1.0268149952461603,1.1714732006993038,0.042062543103954124,0.03741381505755866,0.12277121608116469,14.255352420087597,0.9579374568960459,24,30
8,8,hva,6.909548680752278,3.631692958837725,28.6842344921085,21.883601988615744,35.721296495744255,1.1431006170834992,1.0810428927135407,1.2041547025427426,0.039070304362887845,0.034175201987285374,0.11883413016914757,27.56353272008538,0.9609296956371123,24,30
10,8,hva,8.711044084105033,4.900759876552089,49.863727399354524,37.96719890502363,62.50381399943837,1.1680222187227602,1.099723743476567,1.2350408606934038,0.03811807014259294,0.03532364626478473,0.11852116292822928,47.963018340774795,0.9618819298574071,24,30
