zero_tol,n_qubits,depth,circuit_variant,zero_fraction_ZZ_terms,zero_fraction_Z_terms,mean_abs_offdiag_obs,block_zz_obs,block_x_obs,block_z_obs,block_zz_x_obs,block_zz_z_obs,block_x_z_obs,block_zz_abs_obs,block_x_abs_obs,block_z_abs_obs,block_zz_x_abs_obs,block_zz_z_abs_obs,block_x_z_abs_obs,lam_max_ratio
1e-08,4,4,hea,0.2291666666666667,0.1640625,0.1518560606060606,-0.013194444444444444,0.01770833333333333,-0.010069444444444443,-0.0026041666666666674,-0.011284722222222225,0.004166666666666667,0.14652777777777778,0.17291666666666666,0.17152777777777778,0.13350694444444444,0.1498263888888889,0.15286458333333333,1.1794211204006433
1e-09,4,4,hea,0.2291666666666667,0.1640625,0.1518560606060606,-0.013194444444444444,0.01770833333333333,-0.010069444444444443,-0.0026041666666666674,-0.011284722222222225,0.004166666666666667,0.14652777777777778,0.17291666666666666,0.17152777777777778,0.13350694444444444,0.1498263888888889,0.15286458333333333,1.17880241460293
1e-10,4,4,hea,0.2291666666666667,0.1640625,0.1518560606060606,-0.013194444444444444,0.01770833333333333,-0.010069444444444443,-0.0026041666666666674,-0.011284722222222225,0.004166666666666667,0.14652777777777778,0.17291666666666666,0.17152777777777778,0.13350694444444444,0.1498263888888889,0.15286458333333333,1.1766921332732543
1e-12,4,4,hea,0.2291666666666667,0.1640625,0.1518560606060606,-0.013194444444444444,0.01770833333333333,-0.010069444444444443,-0.0026041666666666674,-0.011284722222222225,0.004166666666666667,0.14652777777777778,0.17291666666666666,0.17152777777777778,0.13350694444444444,0.1498263888888889,0.15286458333333333,1.1790667337173666
1e-08,6,4,hea,0.2916666666666667,0.18402777777777776,0.1075265522875817,-0.013888888888888892,0.010277777777777778,0.006759259259259261,0.008055555555555555,0.0027314814814814823,0.007175925925925924,0.10305555555555555,0.1097222222222222,0.12157407407407407,0.1039351851851852,0.10300925925925927,0.10875771604938272,1.1324270136973515
1e-09,6,4,hea,0.2916666666666667,0.18402777777777776,0.1075265522875817,-0.013888888888888892,0.010277777777777778,0.006759259259259261,0.008055555555555555,0.0027314814814814823,0.007175925925925924,0.10305555555555555,0.1097222222222222,0.12157407407407407,0.1039351851851852,0.10300925925925927,0.10875771604938272,1.1319034446361542
1e-10,6,4,hea,0.2916666666666667,0.18402777777777776,0.1075265522875817,-0.013888888888888892,0.010277777777777778,0.006759259259259261,0.008055555555555555,0.0027314814814814823,0.007175925925925924,0.10305555555555555,0.1097222222222222,0.12157407407407407,0.1039351851851852,0.10300925925925927,0.10875771604938272,1.1316482548363387
1e-12,6,4,hea,0.2916666666666667,0.18402777777777776,0.1075265522875817,-0.013888888888888892,0.010277777777777778,0.006759259259259261,0.008055555555555555,0.0027314814814814823,0.007175925925925924,0.10305555555555555,0.1097222222222222,0.12157407407407407,0.1039351851851852,0.10300925925925927,0.10875771604938272,1.1314675791904443
1e-08,8,4,hea,0.3348214285714286,0.197265625,0.08931982872200266,0.0007936507936507935,0.006101190476190477,-0.007254464285714288,-0.002678571428571429,-0.0020461309523809525,-0.006949869791666666,0.0847222222222222,0.0851934523809524,0.10628720238095238,0.08404017857142856,0.08798363095238096,0.09099934895833334,1.156897736267226
1e-09,8,4,hea,0.3348214285714286,0.197265625,0.08931982872200266,0.0007936507936507935,0.006101190476190477,-0.007254464285714288,-0.002678571428571429,-0.0020461309523809525,-0.006949869791666666,0.0847222222222222,0.0851934523809524,0.10628720238095238,0.08404017857142856,0.08798363095238096,0.09099934895833334,1.1556409089034458
1e-10,8,4,hea,0.3348214285714286,0.197265625,0.08931982872200266,0.0007936507936507935,0.006101190476190477,-0.007254464285714288,-0.002678571428571429,-0.0020461309523809525,-0.006949869791666666,0.0847222222222222,0.0851934523809524,0.10628720238095238,0.08404017857142856,0.08798363095238096,0.09099934895833334,1.1561697944684228
1e-12,8,4,hea,0.3348214285714286,0.197265625,0.08931982872200266,0.0007936507936507935,0.006101190476190477,-0.007254464285714288,-0.002678571428571429,-0.0020461309523809525,-0.006949869791666666,0.0847222222222222,0.0851934523809524,0.10628720238095238,0.08404017857142856,0.08798363095238096,0.09099934895833334,1.1568144820188155
1e-08,10,4,hea,0.36393518518518514,0.20624999999999993,0.07833949096880131,-0.003634259259259258,0.0010925925925925927,-0.008333333333333333,0.0016759259259259253,0.0032500000000000003,-0.002766666666666667,0.07902777777777777,0.07362962962962964,0.09646296296296294,0.07797222222222223,0.0743888888888889,0.07594166666666666,1.154306402930668
1e-09,10,4,hea,0.3638888888888889,0.20624999999999993,0.07833333333333334,-0.0035879629629629616,0.0010925925925925927,-0.008333333333333333,0.0016851851851851847,0.0032314814814814814,-0.002766666666666667,0.07900462962962963,0.07362962962962964,0.09646296296296294,0.07797222222222223,0.07437037037037038,0.07594166666666666,1.1544783939695185
1e-10,10,4,hea,0.3638888888888889,0.20624999999999993,0.07833333333333334,-0.0035879629629629616,0.0010925925925925927,-0.008333333333333333,0.0016851851851851847,0.0032314814814814814,-0.002766666666666667,0.07900462962962963,0.07362962962962964,0.09646296296296294,0.07797222222222223,0.07437037037037038,0.07594166666666666,1.1545932642124375
1e-12,10,4,hea,0.3638888888888889,0.20624999999999993,0.07833333333333334,-0.0035879629629629616,0.0010925925925925927,-0.008333333333333333,0.0016851851851851847,0.0032314814814814814,-0.002766666666666667,0.07900462962962963,0.07362962962962964,0.09646296296296294,0.07797222222222223,0.07437037037037038,0.07594166666666666,1.1535648226404993
1e-08,4,6,hea,0.15277777777777776,0.109375,0.141969696969697,0.00787037037037037,-0.009722222222222222,-0.0016203703703703705,0.017361111111111112,-0.010069444444444442,0.004774305555555553,0.15231481481481485,0.16064814814814815,0.16018518518518518,0.12407407407407406,0.1427083333333333,0.13906249999999998,1.2428378309095034
1e-09,4,6,hea,0.15277777777777776,0.109375,0.141969696969697,0.00787037037037037,-0.009722222222222222,-0.0016203703703703705,0.017361111111111112,-0.010069444444444442,0.004774305555555553,0.15231481481481485,0.16064814814814815,0.16018518518518518,0.12407407407407406,0.1427083333333333,0.13906249999999998,1.2419528506763322
1e-10,4,6,hea,0.15277777777777776,0.109375,0.141969696969697,0.00787037037037037,-0.009722222222222222,-0.0016203703703703705,0.017361111111111112,-0.010069444444444442,0.004774305555555553,0.15231481481481485,0.16064814814814815,0.16018518518518518,0.12407407407407406,0.1427083333333333,0.13906249999999998,1.2420211631817877
1e-12,4,6,hea,0.15277777777777776,0.109375,0.141969696969697,0.00787037037037037,-0.009722222222222222,-0.0016203703703703705,0.017361111111111112,-0.010069444444444442,0.004774305555555553,0.15231481481481485,0.16064814814814815,0.16018518518518518,0.12407407407407406,0.1427083333333333,0.13906249999999998,1.2427450631209023
1e-08,6,6,hea,0.1944444444444445,0.12268518518518517,0.09975490196078435,-0.00111111111111111,-0.008765432098765432,0.0032716049382716045,0.0055246913580246915,0.0046604938271604945,-0.00360082304526749,0.09499999999999999,0.10160493827160492,0.11555555555555555,0.09055555555555556,0.10287037037037038,0.09879115226337448,1.1643518348267472
1e-09,6,6,hea,0.1944444444444445,0.12268518518518517,0.09975490196078435,-0.00111111111111111,-0.008765432098765432,0.0032716049382716045,0.0055246913580246915,0.0046604938271604945,-0.00360082304526749,0.09499999999999999,0.10160493827160492,0.11555555555555555,0.09055555555555556,0.10287037037037038,0.09879115226337448,1.1637149305869257
1e-10,6,6,hea,0.1944444444444445,0.12268518518518517,0.09975490196078435,-0.00111111111111111,-0.008765432098765432,0.0032716049382716045,0.0055246913580246915,0.0046604938271604945,-0.00360082304526749,0.09499999999999999,0.10160493827160492,0.11555555555555555,0.09055555555555556,0.10287037037037038,0.09879115226337448,1.1646021758449592
1e-12,6,6,hea,0.1944444444444445,0.12268518518518517,0.09975490196078435,-0.00111111111111111,-0.008765432098765432,0.0032716049382716045,0.0055246913580246915,0.0046604938271604945,-0.00360082304526749,0.09499999999999999,0.10160493827160492,0.11555555555555555,0.09055555555555556,0.10287037037037038,0.09879115226337448,1.163701660801428
1e-08,8,6,hea,0.2232142857142857,0.13151041666666663,0.08033047870004392,0.003802910052910053,0.0010664682539682539,-0.001240079365079365,0.0012028769841269838,-0.0015625000000000003,0.0013780381944444448,0.08111772486772485,0.07976190476190476,0.08784722222222224,0.0771577380952381,0.08110119047619048,0.07913411458333333,1.1122127755773172
1e-09,8,6,hea,0.2232142857142857,0.13151041666666663,0.08033047870004392,0.003802910052910053,0.0010664682539682539,-0.001240079365079365,0.0012028769841269838,-0.0015625000000000003,0.0013780381944444448,0.08111772486772485,0.07976190476190476,0.08784722222222224,0.0771577380952381,0.08110119047619048,0.07913411458333333,1.1123426560936638
1e-10,8,6,hea,0.2232142857142857,0.13151041666666663,0.08033047870004392,0.003802910052910053,0.0010664682539682539,-0.001240079365079365,0.0012028769841269838,-0.0015625000000000003,0.0013780381944444448,0.08111772486772485,0.07976190476190476,0.08784722222222224,0.0771577380952381,0.08110119047619048,0.07913411458333333,1.1124685906500396
1e-12,8,6,hea,0.2232142857142857,0.13151041666666663,0.08033047870004392,0.003802910052910053,0.0010664682539682539,-0.001240079365079365,0.0012028769841269838,-0.0015625000000000003,0.0013780381944444448,0.08111772486772485,0.07976190476190476,0.08784722222222224,0.0771577380952381,0.08110119047619048,0.07913411458333333,1.1125465995148793
1e-08,10,6,hea,0.24259259259259264,0.13750000000000004,0.06778461959496444,-7.716049382716106e-05,0.0014320987654320987,0.0002345679012345684,0.0006172839506172842,0.0004938271604938275,8.333333333333334e-05,0.06720679012345677,0.0661111111111111,0.07487654320987655,0.06687654320987654,0.06588888888888887,0.06807777777777776,1.0791302440184343
1e-09,10,6,hea,0.24259259259259264,0.13750000000000004,0.06778461959496444,-7.716049382716106e-05,0.0014320987654320987,0.0002345679012345684,0.0006172839506172842,0.0004938271604938275,8.333333333333334e-05,0.06720679012345677,0.0661111111111111,0.07487654320987655,0.06687654320987654,0.06588888888888887,0.06807777777777776,1.0790032827978486
1e-10,10,6,hea,0.24259259259259264,0.13750000000000004,0.06778461959496444,-7.716049382716106e-05,0.0014320987654320987,0.0002345679012345684,0.0006172839506172842,0.0004938271604938275,8.333333333333334e-05,0.06720679012345677,0.0661111111111111,0.07487654320987655,0.06687654320987654,0.06588888888888887,0.06807777777777776,1.078562175963191
1e-12,10,6,hea,0.24259259259259264,0.13750000000000004,0.06778461959496444,-7.716049382716106e-05,0.0014320987654320987,0.0002345679012345684,0.0006172839506172842,0.0004938271604938275,8.333333333333334e-05,0.06720679012345677,0.0661111111111111,0.07487654320987655,0.06687654320987654,0.06588888888888887,0.06807777777777776,1.0784693808705392
1e-08,4,8,hea,0.11458333333333336,0.08203125,0.13933712121212122,0.017708333333333333,0.027777777777777787,0.015451388888888895,0.0008680555555555562,-0.003038194444444443,-0.011783854166666666,0.13020833333333334,0.14097222222222222,0.1597222222222222,0.1253472222222222,0.14244791666666667,0.14095052083333334,1.2944659050375955
1e-09,4,8,hea,0.11458333333333336,0.08203125,0.13933712121212122,0.017708333333333333,0.027777777777777787,0.015451388888888895,0.0008680555555555562,-0.003038194444444443,-0.011783854166666666,0.13020833333333334,0.14097222222222222,0.1597222222222222,0.1253472222222222,0.14244791666666667,0.14095052083333334,1.2948499609350406
1e-10,4,8,hea,0.11458333333333336,0.08203125,0.13933712121212122,0.017708333333333333,0.027777777777777787,0.015451388888888895,0.0008680555555555562,-0.003038194444444443,-0.011783854166666666,0.13020833333333334,0.14097222222222222,0.1597222222222222,0.1253472222222222,0.14244791666666667,0.14095052083333334,1.2955369343246268
1e-12,4,8,hea,0.11458333333333336,0.08203125,0.13933712121212122,0.017708333333333333,0.027777777777777787,0.015451388888888895,0.0008680555555555562,-0.003038194444444443,-0.011783854166666666,0.13020833333333334,0.14097222222222222,0.1597222222222222,0.1253472222222222,0.14244791666666667,0.14095052083333334,1.2956818331638127
1e-08,6,8,hea,0.14583333333333334,0.09201388888888888,0.0935202205882353,-0.016805555555555553,-0.007685185185185185,0.007083333333333334,-0.00673611111111111,0.011018518518518518,-0.0013117283950617288,0.08937500000000001,0.08893518518518517,0.10249999999999998,0.09004629629629628,0.09708333333333335,0.09276620370370368,1.199983724069026
1e-09,6,8,hea,0.14583333333333334,0.09201388888888888,0.0935202205882353,-0.016805555555555553,-0.007685185185185185,0.007083333333333334,-0.00673611111111111,0.011018518518518518,-0.0013117283950617288,0.08937500000000001,0.08893518518518517,0.10249999999999998,0.09004629629629628,0.09708333333333335,0.09276620370370368,1.1998579110885945
1e-10,6,8,hea,0.14583333333333334,0.09201388888888888,0.0935202205882353,-0.016805555555555553,-0.007685185185185185,0.007083333333333334,-0.00673611111111111,0.011018518518518518,-0.0013117283950617288,0.08937500000000001,0.08893518518518517,0.10249999999999998,0.09004629629629628,0.09708333333333335,0.09276620370370368,1.2004365814070597
1e-12,6,8,hea,0.14583333333333334,0.09201388888888888,0.0935202205882353,-0.016805555555555553,-0.007685185185185185,0.007083333333333334,-0.00673611111111111,0.011018518518518518,-0.0013117283950617288,0.08937500000000001,0.08893518518518517,0.10249999999999998,0.09004629629629628,0.09708333333333335,0.09276620370370368,1.1996054548846458
1e-08,8,8,hea,0.16744791666666667,0.0986328125,0.07167325428194994,-0.0008928571428571422,-0.0032180059523809522,0.006194196428571429,-0.002641369047619047,-0.0018136160714285717,0.002140299479166667,0.07182539682539682,0.0673549107142857,0.07656249999999999,0.0693452380952381,0.07203311011904762,0.073095703125,1.0955752930272282
1e-09,8,8,hea,0.1674107142857143,0.0986328125,0.07167737154150197,-0.0009176587301587294,-0.0032180059523809522,0.006194196428571429,-0.002632068452380952,-0.0017857142857142863,0.002140299479166667,0.07185019841269842,0.0673549107142857,0.07656249999999999,0.06935453869047618,0.07203311011904762,0.073095703125,1.0952609678832579
1e-10,8,8,hea,0.1674107142857143,0.0986328125,0.07167737154150197,-0.0009176587301587294,-0.0032180059523809522,0.006194196428571429,-0.002632068452380952,-0.0017857142857142863,0.002140299479166667,0.07185019841269842,0.0673549107142857,0.07656249999999999,0.06935453869047618,0.07203311011904762,0.073095703125,1.0959174732451344
1e-12,8,8,hea,0.1674107142857143,0.0986328125,0.07167737154150197,-0.0009176587301587294,-0.0032180059523809522,0.006194196428571429,-0.002632068452380952,-0.0017857142857142863,0.002140299479166667,0.07185019841269842,0.0673549107142857,0.07656249999999999,0.06935453869047618,0.07203311011904762,0.073095703125,1.0957555085876418
1e-08,10,8,hea,0.18194444444444444,0.10312499999999997,0.06083538587848934,-0.0013541666666666663,0.0015462962962962967,-0.00014814814814814863,0.0009722222222222222,-0.0004074074074074075,-0.00018333333333333296,0.060659722222222226,0.05973148148148147,0.06423148148148147,0.05936574074074075,0.062018518518518514,0.06012499999999999,1.0599585361707653
1e-09,10,8,hea,0.18194444444444444,0.10312499999999997,0.06083538587848934,-0.0013541666666666663,0.0015462962962962967,-0.00014814814814814863,0.0009722222222222222,-0.0004074074074074075,-0.00018333333333333296,0.060659722222222226,0.05973148148148147,0.06423148148148147,0.05936574074074075,0.062018518518518514,0.06012499999999999,1.0591036929994277
1e-10,10,8,hea,0.18194444444444444,0.10312499999999997,0.06083538587848934,-0.0013541666666666663,0.0015462962962962967,-0.00014814814814814863,0.0009722222222222222,-0.0004074074074074075,-0.00018333333333333296,0.060659722222222226,0.05973148148148147,0.06423148148148147,0.05936574074074075,0.062018518518518514,0.06012499999999999,1.0601377652174808
1e-12,10,8,hea,0.18194444444444444,0.10312499999999997,0.06083538587848934,-0.0013541666666666663,0.0015462962962962967,-0.00014814814814814863,0.0009722222222222222,-0.0004074074074074075,-0.00018333333333333296,0.060659722222222226,0.05973148148148147,0.06423148148148147,0.05936574074074075,0.062018518518518514,0.06012499999999999,1.0598625795487853
1e-08,4,4,hva,0.1666666666666667,0.1666666666666667,0.3781818181818182,0.4000000000000001,0.26666666666666666,0.25555555555555554,-0.02592592592592594,0.037037037037037056,-0.019444444444444445,0.5259259259259259,0.5925925925925924,0.5074074074074074,0.29814814814814816,0.3796296296296296,0.28055555555555556,1.7744367318233005
1e-09,4,4,hva,0.1666666666666667,0.1666666666666667,0.3781818181818182,0.4000000000000001,0.26666666666666666,0.25555555555555554,-0.02592592592592594,0.037037037037037056,-0.019444444444444445,0.5259259259259259,0.5925925925925924,0.5074074074074074,0.29814814814814816,0.3796296296296296,0.28055555555555556,1.7748732434034333
1e-10,4,4,hva,0.1666666666666667,0.1666666666666667,0.3781818181818182,0.4000000000000001,0.26666666666666666,0.25555555555555554,-0.02592592592592594,0.037037037037037056,-0.019444444444444445,0.5259259259259259,0.5925925925925924,0.5074074074074074,0.29814814814814816,0.3796296296296296,0.28055555555555556,1.774500606419921
1e-12,4,4,hva,0.018518518518518514,0.030555555555555555,0.399040404040404,0.43425925925925923,0.26666666666666666,0.2921296296296296,-0.01851851851851852,0.031712962962962964,-0.021527777777777778,0.5657407407407408,0.5925925925925924,0.5273148148148149,0.2990740740740741,0.41643518518518513,0.30902777777777773,1.7558625097989011
1e-08,6,4,hva,0.1666666666666667,0.1666666666666667,0.39771241830065357,0.41888888888888887,0.3066666666666666,0.3266666666666667,-0.03407407407407407,0.014814814814814802,0.0037037037037037043,0.5122222222222221,0.591111111111111,0.5103703703703705,0.30074074074074075,0.402962962962963,0.31481481481481477,2.12651423769822
1e-09,6,4,hva,0.1666666666666667,0.1666666666666667,0.39771241830065357,0.41888888888888887,0.3066666666666666,0.3266666666666667,-0.03407407407407407,0.014814814814814802,0.0037037037037037043,0.5122222222222221,0.591111111111111,0.5103703703703705,0.30074074074074075,0.402962962962963,0.31481481481481477,2.1297987009501553
1e-10,6,4,hva,0.1666666666666667,0.1666666666666667,0.39771241830065357,0.41888888888888887,0.3066666666666666,0.3266666666666667,-0.03407407407407407,0.014814814814814802,0.0037037037037037043,0.5122222222222221,0.591111111111111,0.5103703703703705,0.30074074074074075,0.402962962962963,0.31481481481481477,2.1324161908678136
1e-12,6,4,hva,0.027222222222222228,0.03101851851851851,0.42606209150326796,0.4738888888888889,0.3066666666666666,0.37037037037037035,-0.04574074074074074,0.009629629629629637,-0.010648148148148151,0.5655555555555556,0.591111111111111,0.5492592592592591,0.32314814814814813,0.44944444444444454,0.3334876543209876,2.1578498035876006
1e-08,8,4,hva,0.1666666666666667,0.1666666666666667,0.42419850680720234,0.4867724867724867,0.39999999999999997,0.4119047619047619,-0.03333333333333334,0.008134920634920639,0.009027777777777782,0.5682539682539682,0.6317460317460318,0.5563492063492064,0.3087301587301587,0.42916666666666675,0.325,2.4741167358399174
1e-09,8,4,hva,0.1666666666666667,0.1666666666666667,0.42419850680720234,0.4867724867724867,0.39999999999999997,0.4119047619047619,-0.03333333333333334,0.008134920634920639,0.009027777777777782,0.5682539682539682,0.6317460317460318,0.5563492063492064,0.3087301587301587,0.42916666666666675,0.325,2.4744139355520973
1e-10,8,4,hva,0.1666666666666667,0.1666666666666667,0.42419850680720234,0.4867724867724867,0.39999999999999997,0.4119047619047619,-0.03333333333333334,0.008134920634920639,0.009027777777777782,0.5682539682539682,0.6317460317460318,0.5563492063492064,0.3087301587301587,0.42916666666666675,0.325,2.47416726476805
1e-12,8,4,hva,0.02738095238095238,0.03159722222222222,0.45600570926657885,0.5509259259259258,0.39999999999999997,0.4846230158730158,-0.04226190476190477,0.008184523809523786,-0.012499999999999999,0.6353174603174605,0.6317460317460318,0.6122023809523811,0.32539682539682535,0.47891865079365087,0.3461805555555556,2.528139208646351
1e-08,10,4,hva,0.1666666666666667,0.1666666666666667,0.444280240831965,0.5404320987654322,0.48246913580246914,0.47777777777777775,-0.03580246913580247,0.0054320987654320994,0.014222222222222218,0.6089506172839506,0.6760493827160494,0.5962962962962963,0.3120987654320988,0.4464197530864198,0.32933333333333337,2.7631837670492945
1e-09,10,4,hva,0.1666666666666667,0.1666666666666667,0.444280240831965,0.5404320987654322,0.48246913580246914,0.47777777777777775,-0.03580246913580247,0.0054320987654320994,0.014222222222222218,0.6089506172839506,0.6760493827160494,0.5962962962962963,0.3120987654320988,0.4464197530864198,0.32933333333333337,2.7626070833517113
1e-10,10,4,hva,0.1666666666666667,0.1666666666666667,0.444280240831965,0.5404320987654322,0.48246913580246914,0.47777777777777775,-0.03580246913580247,0.0054320987654320994,0.014222222222222218,0.6089506172839506,0.6760493827160494,0.5962962962962963,0.3120987654320988,0.4464197530864198,0.32933333333333337,2.7666449095498176
1e-12,10,4,hva,0.021913580246913582,0.028888888888888888,0.47788724685276407,0.608641975308642,0.48246913580246914,0.5529012345679013,-0.04623456790123457,0.01268518518518517,-0.011222222222222217,0.6871913580246913,0.6760493827160494,0.6636419753086419,0.32339506172839505,0.5066975308641976,0.34288888888888897,2.8381029559113595
1e-08,4,6,hva,0.11111111111111112,0.11111111111111112,0.32727272727272727,0.31111111111111106,0.29382716049382723,0.2691358024691358,-0.02777777777777778,-0.048765432098765424,-0.04074074074074074,0.4493827160493827,0.5012345679012348,0.43209876543209874,0.2413580246913581,0.32160493827160497,0.2685185185185185,1.7867175617114397
1e-09,4,6,hva,0.11111111111111112,0.11111111111111112,0.32727272727272727,0.31111111111111106,0.29382716049382723,0.2691358024691358,-0.02777777777777778,-0.048765432098765424,-0.04074074074074074,0.4493827160493827,0.5012345679012348,0.43209876543209874,0.2413580246913581,0.32160493827160497,0.2685185185185185,1.7856795495539097
1e-10,4,6,hva,0.11111111111111112,0.11111111111111112,0.32727272727272727,0.31111111111111106,0.29382716049382723,0.2691358024691358,-0.02777777777777778,-0.048765432098765424,-0.04074074074074074,0.4493827160493827,0.5012345679012348,0.43209876543209874,0.2413580246913581,0.32160493827160497,0.2685185185185185,1.7829586955207117
1e-12,4,6,hva,0.009876543209876543,0.019907407407407398,0.34390572390572394,0.31851851851851853,0.29382716049382723,0.28858024691358025,-0.023456790123456788,-0.044598765432098765,-0.037962962962962955,0.49506172839506174,0.5012345679012348,0.46388888888888885,0.24074074074074076,0.35632716049382723,0.2796296296296296,1.771235051527548
1e-08,6,6,hva,0.11111111111111112,0.11111111111111112,0.3458061002178649,0.31851851851851853,0.23358024691358026,0.2725925925925925,-0.009135802469135805,-0.024938271604938268,-0.013168724279835392,0.48444444444444446,0.48246913580246903,0.4404938271604939,0.2530864197530864,0.3567901234567901,0.2790123456790123,2.1515859163046502
1e-09,6,6,hva,0.11111111111111112,0.11111111111111112,0.3458061002178649,0.31851851851851853,0.23358024691358026,0.2725925925925925,-0.009135802469135805,-0.024938271604938268,-0.013168724279835392,0.48444444444444446,0.48246913580246903,0.4404938271604939,0.2530864197530864,0.3567901234567901,0.2790123456790123,2.1510583196437763
1e-10,6,6,hva,0.11111111111111112,0.11111111111111112,0.3458061002178649,0.31851851851851853,0.23358024691358026,0.2725925925925925,-0.009135802469135805,-0.024938271604938268,-0.013168724279835392,0.48444444444444446,0.48246913580246903,0.4404938271604939,0.2530864197530864,0.3567901234567901,0.2790123456790123,2.1522192496846912
1e-12,6,6,hva,0.013703703703703702,0.02037037037037037,0.36122004357298476,0.3383333333333333,0.23358024691358026,0.29617283950617274,-0.000617283950617283,-0.024444444444444442,-0.015637860082304528,0.5231481481481481,0.48246913580246903,0.47074074074074074,0.2593827160493827,0.3891358024691358,0.2816872427983539,2.15716807540318
1e-08,8,6,hva,0.11111111111111112,0.11111111111111112,0.36410481627872926,0.4088183421516755,0.30317460317460315,0.3513227513227513,-0.005423280423280423,-0.018783068783068783,-0.007870370370370368,0.5195767195767195,0.5074074074074074,0.492063492063492,0.25753968253968257,0.37962962962962965,0.2740740740740741,2.536681522271894
1e-09,8,6,hva,0.11111111111111112,0.11111111111111112,0.36410481627872926,0.4088183421516755,0.30317460317460315,0.3513227513227513,-0.005423280423280423,-0.018783068783068783,-0.007870370370370368,0.5195767195767195,0.5074074074074074,0.492063492063492,0.25753968253968257,0.37962962962962965,0.2740740740740741,2.534702342687876
1e-10,8,6,hva,0.11111111111111112,0.11111111111111112,0.36410481627872926,0.4088183421516755,0.30317460317460315,0.3513227513227513,-0.005423280423280423,-0.018783068783068783,-0.007870370370370368,0.5195767195767195,0.5074074074074074,0.492063492063492,0.25753968253968257,0.37962962962962965,0.2740740740740741,2.5348218882303564
1e-12,8,6,hva,0.014021164021164021,0.02199074074074074,0.3795783926218708,0.441005291005291,0.30317460317460315,0.37916666666666665,-0.0007936507936508019,-0.01646825396825398,-0.007870370370370366,0.5598765432098766,0.5074074074074074,0.5251984126984127,0.2623015873015873,0.4116402116402116,0.2753472222222222,2.555656587158479
1e-08,10,6,hva,0.11111111111111112,0.11111111111111112,0.3876847290640394,0.479835390946502,0.3863374485596708,0.42469135802469143,-0.0031275720164609094,-0.012674897119341564,-0.004444444444444436,0.5699588477366254,0.5608230452674897,0.5425514403292181,0.2653497942386831,0.39703703703703713,0.27614814814814814,2.9333727796749507
1e-09,10,6,hva,0.11111111111111112,0.11111111111111112,0.3876847290640394,0.479835390946502,0.3863374485596708,0.42469135802469143,-0.0031275720164609094,-0.012674897119341564,-0.004444444444444436,0.5699588477366254,0.5608230452674897,0.5425514403292181,0.2653497942386831,0.39703703703703713,0.27614814814814814,2.9357355922875286
1e-10,10,6,hva,0.11111111111111112,0.11111111111111112,0.3876847290640394,0.479835390946502,0.3863374485596708,0.42469135802469143,-0.0031275720164609094,-0.012674897119341564,-0.004444444444444436,0.5699588477366254,0.5608230452674897,0.5425514403292181,0.2653497942386831,0.39703703703703713,0.27614814814814814,2.9364088541155957
1e-12,10,6,hva,0.013786008230452675,0.02240740740740741,0.4037766830870281,0.5138374485596706,0.3863374485596708,0.4634567901234568,0.005226337448559667,-0.011378600823045275,-0.008481481481481482,0.6184670781893006,0.5608230452674897,0.5841152263374487,0.2653086419753087,0.4274691358024691,0.27796296296296297,2.949091181357072
1e-08,4,8,hva,0.08333333333333336,0.08333333333333336,0.31090909090909086,0.3185185185185185,0.3425925925925926,0.40925925925925927,-0.004629629629629627,0.03518518518518518,0.022222222222222213,0.46296296296296285,0.48333333333333345,0.47962962962962963,0.21296296296296297,0.29814814814814816,0.23750000000000002,1.8762501625663266
1e-09,4,8,hva,0.08333333333333336,0.08333333333333336,0.31090909090909086,0.3185185185185185,0.3425925925925926,0.40925925925925927,-0.004629629629629627,0.03518518518518518,0.022222222222222213,0.46296296296296285,0.48333333333333345,0.47962962962962963,0.21296296296296297,0.29814814814814816,0.23750000000000002,1.8756944521477616
1e-10,4,8,hva,0.08333333333333336,0.08333333333333336,0.31090909090909086,0.3185185185185185,0.3425925925925926,0.40925925925925927,-0.004629629629629627,0.03518518518518518,0.022222222222222213,0.46296296296296285,0.48333333333333345,0.47962962962962963,0.21296296296296297,0.29814814814814816,0.23750000000000002,1.8730360409307405
1e-12,4,8,hva,0.007407407407407407,0.01701388888888889,0.31949494949494955,0.3291666666666666,0.3425925925925926,0.41157407407407404,-0.0037037037037036978,0.03275462962962961,0.023611111111111117,0.4912037037037037,0.48333333333333345,0.49444444444444446,0.2185185185185185,0.3146990740740741,0.23958333333333334,1.8598780368101009
1e-08,6,8,hva,0.08333333333333336,0.08333333333333336,0.3214052287581699,0.2744444444444445,0.26666666666666666,0.3344444444444444,-0.006296296296296295,0.030555555555555544,0.038580246913580245,0.43444444444444447,0.45185185185185184,0.43074074074074065,0.25407407407407406,0.31055555555555553,0.2552469135802469,2.246870272955627
1e-09,6,8,hva,0.08333333333333336,0.08333333333333336,0.3214052287581699,0.2744444444444445,0.26666666666666666,0.3344444444444444,-0.006296296296296295,0.030555555555555544,0.038580246913580245,0.43444444444444447,0.45185185185185184,0.43074074074074065,0.25407407407407406,0.31055555555555553,0.2552469135802469,2.2465762987375557
1e-10,6,8,hva,0.08333333333333336,0.08333333333333336,0.3214052287581699,0.2744444444444445,0.26666666666666666,0.3344444444444444,-0.006296296296296295,0.030555555555555544,0.038580246913580245,0.43444444444444447,0.45185185185185184,0.43074074074074065,0.25407407407407406,0.31055555555555553,0.2552469135802469,2.2463114516893454
1e-12,6,8,hva,0.009722222222222224,0.017592592592592594,0.32937091503267973,0.29305555555555557,0.26666666666666666,0.34629629629629627,-0.010277777777777776,0.024722222222222222,0.036728395061728404,0.4552777777777778,0.45185185185185184,0.44314814814814807,0.25675925925925924,0.32583333333333336,0.2594135802469136,2.2446820669641983
1e-08,8,8,hva,0.08333333333333336,0.08333333333333336,0.33853754940711467,0.3362433862433863,0.32182539682539685,0.3547619047619047,0.00753968253968254,0.023809523809523805,0.030902777777777776,0.4695767195767196,0.48134920634920636,0.4420634920634921,0.2609126984126984,0.316468253968254,0.27499999999999997,2.6650359481447605
1e-09,8,8,hva,0.08333333333333336,0.08333333333333336,0.33853754940711467,0.3362433862433863,0.32182539682539685,0.3547619047619047,0.00753968253968254,0.023809523809523805,0.030902777777777776,0.4695767195767196,0.48134920634920636,0.4420634920634921,0.2609126984126984,0.316468253968254,0.27499999999999997,2.6650770762548377
1e-10,8,8,hva,0.08333333333333336,0.08333333333333336,0.33853754940711467,0.3362433862433863,0.32182539682539685,0.3547619047619047,0.00753968253968254,0.023809523809523805,0.030902777777777776,0.4695767195767196,0.48134920634920636,0.4420634920634921,0.2609126984126984,0.316468253968254,0.27499999999999997,2.662641318019861
1e-12,8,8,hva,0.012499999999999999,0.017708333333333333,0.34751317523056646,0.35429894179894184,0.32182539682539685,0.3724702380952381,0.005059523809523813,0.02353670634920636,0.030902777777777772,0.48736772486772484,0.48134920634920636,0.4617559523809523,0.2617063492063492,0.3334573412698413,0.28046875,2.6619844955432126
1e-08,10,8,hva,0.08333333333333336,0.08333333333333336,0.35785440613026814,0.40324074074074073,0.3861728395061728,0.40259259259259256,0.0020987654320987685,0.02753086419753086,0.02533333333333335,0.5035493827160493,0.5155555555555555,0.48061728395061726,0.2675308641975309,0.33296296296296296,0.2828888888888888,3.0638875191853274
1e-09,10,8,hva,0.08333333333333336,0.08333333333333336,0.35785440613026814,0.40324074074074073,0.3861728395061728,0.40259259259259256,0.0020987654320987685,0.02753086419753086,0.02533333333333335,0.5035493827160493,0.5155555555555555,0.48061728395061726,0.2675308641975309,0.33296296296296296,0.2828888888888888,3.060234254024567
1e-10,10,8,hva,0.08333333333333336,0.08333333333333336,0.35785440613026814,0.40324074074074073,0.3861728395061728,0.40259259259259256,0.0020987654320987685,0.02753086419753086,0.02533333333333335,0.5035493827160493,0.5155555555555555,0.48061728395061726,0.2675308641975309,0.33296296296296296,0.2828888888888888,3.0624704212276623
1e-12,10,8,hva,0.011882716049382715,0.017638888888888885,0.36654351395730705,0.4287422839506173,0.3861728395061728,0.4206172839506173,0.001388888888888888,0.02776234567901235,0.025583333333333336,0.5278163580246914,0.5155555555555555,0.5034567901234568,0.264537037037037,0.35016975308641973,0.2863611111111112,3.0726384450257425
