n_qubits,depth,circuit_variant,n_seeds_used,n_terms,mean_abs_offdiag_obs,mean_abs_offdiag_ci_low,mean_abs_offdiag_ci_high,mean_abs_offdiag_null_low,mean_abs_offdiag_null_high,mean_abs_offdiag_above_null,block_zz_obs,block_zz_ci_low,block_zz_ci_high,block_zz_null_low,block_zz_null_high,block_zz_above_null,block_zz_below_null,block_zz_outside_null,block_x_obs,block_x_ci_low,block_x_ci_high,block_x_null_low,block_x_null_high,block_x_above_null,block_x_below_null,block_x_outside_null,block_z_obs,block_z_ci_low,block_z_ci_high,block_z_null_low,block_z_null_high,block_z_above_null,block_z_below_null,block_z_outside_null,block_zz_x_obs,block_zz_x_ci_low,block_zz_x_ci_high,block_zz_x_null_low,block_zz_x_null_high,block_zz_x_above_null,block_zz_x_below_null,block_zz_x_outside_null,block_zz_z_obs,block_zz_z_ci_low,block_zz_z_ci_high,block_zz_z_null_low,block_zz_z_null_high,block_zz_z_above_null,block_zz_z_below_null,block_zz_z_outside_null,block_x_z_obs,block_x_z_ci_low,block_x_z_ci_high,block_x_z_null_low,block_x_z_null_high,block_x_z_above_null,block_x_z_below_null,block_x_z_outside_null,block_zz_abs_obs,block_zz_abs_ci_low,block_zz_abs_ci_high,block_zz_abs_null_low,block_zz_abs_null_high,block_zz_abs_above_null,block_x_abs_obs,block_x_abs_ci_low,block_x_abs_ci_high,block_x_abs_null_low,block_x_abs_null_high,block_x_abs_above_null,block_z_abs_obs,block_z_abs_ci_low,block_z_abs_ci_high,block_z_abs_null_low,block_z_abs_null_high,block_z_abs_above_null,block_zz_x_abs_obs,block_zz_x_abs_ci_low,block_zz_x_abs_ci_high,block_zz_x_abs_null_low,block_zz_x_abs_null_high,block_zz_x_abs_above_null,block_zz_z_abs_obs,block_zz_z_abs_ci_low,block_zz_z_abs_ci_high,block_zz_z_abs_null_low,block_zz_z_abs_null_high,block_zz_z_abs_above_null,block_x_z_abs_obs,block_x_z_abs_ci_low,block_x_z_abs_ci_high,block_x_z_abs_null_low,block_x_z_abs_null_high,block_x_z_abs_above_null,lam_max_obs,lam_max_ci_low,lam_max_ci_high,lam_max_null_low,lam_max_null_high,lam_max_above_null,lam_max_null_median,lam_max_excess,lam_max_ratio
4,4,hea,30,11,0.1518560606060606,0.146438446969697,0.15776704545454545,0.11893749999999999,0.1279924242424242,True,-0.013194444444444444,-0.05071180555555556,0.025711805555555464,-0.03055555555555555,0.031944444444444435,False,False,False,0.01770833333333333,-0.021527777777777778,0.057638888888888885,-0.022230902777777777,0.026041666666666668,False,False,False,-0.010069444444444443,-0.03506944444444445,0.015972222222222224,-0.023263888888888883,0.024314236111111102,False,False,False,-0.0026041666666666674,-0.02205729166666667,0.0171875,-0.015985243055555556,0.016497395833333334,False,False,False,-0.011284722222222225,-0.029687500000000002,0.007643229166666645,-0.015282118055555554,0.015802951388888882,False,False,False,0.004166666666666667,-0.012109375,0.01966471354166665,-0.013671875,0.014716796874999997,False,False,False,0.14652777777777778,0.12500000000000003,0.16876736111111104,0.10069444444444445,0.13819444444444443,True,0.17291666666666666,0.15416666666666667,0.19131944444444443,0.11111111111111113,0.1392361111111111,True,0.17152777777777778,0.15555555555555553,0.18784722222222222,0.1135329861111111,0.140625,True,0.13350694444444444,0.1232638888888889,0.1439279513888889,0.11041666666666666,0.12916666666666668,True,0.1498263888888889,0.13819444444444445,0.1625043402777778,0.11250000000000002,0.13090711805555555,True,0.15286458333333333,0.14361979166666666,0.16171875,0.11705403645833333,0.13424479166666667,True,2.1000935711507185,2.021868526820165,2.1799701853083184,1.7270682739860619,1.8399087522928632,True,1.7815484131478625,0.318545158002856,1.17880241460293
6,4,hea,30,17,0.1075265522875817,0.10442146650326797,0.11041692197712419,0.09262612336601309,0.09718162785947712,True,-0.013888888888888892,-0.026531250000000003,-0.0011111111111111133,-0.013055555555555553,0.0125,False,True,True,0.010277777777777778,-0.004814814814814813,0.026023148148148115,-0.010743055555555558,0.01092824074074074,False,False,False,0.006759259259259261,-0.009166666666666663,0.022962962962962966,-0.012222222222222218,0.011481481481481481,False,False,False,0.008055555555555555,0.0012939814814814812,0.014814814814814814,-0.008151620370370372,0.007222222222222222,True,False,True,0.0027314814814814823,-0.005464120370370371,0.011296296296296297,-0.007175925925925924,0.007457175925925922,False,False,False,0.007175925925925924,-0.0017756558641975296,0.016821952160493824,-0.007368827160493826,0.006945408950617283,True,False,True,0.10305555555555555,0.09569444444444443,0.11125,0.08416666666666667,0.09944791666666665,True,0.1097222222222222,0.10166666666666666,0.11778009259259258,0.08685185185185183,0.09916898148148148,True,0.12157407407407407,0.11407407407407408,0.12879629629629633,0.0947222222222222,0.10843055555555554,True,0.1039351851851852,0.09902662037037038,0.10907407407407407,0.0873611111111111,0.09666898148148151,True,0.10300925925925927,0.09648032407407406,0.10912152777777778,0.08967476851851852,0.09912268518518516,True,0.10875771604938272,0.10219907407407408,0.11527777777777778,0.09228395061728396,0.10081114969135802,True,2.0296202710946587,1.9743357865378561,2.085462383678919,1.7463467320635395,1.8449056611173429,True,1.7931037145549742,0.2365165565396845,1.1319034446361542
8,4,hea,30,23,0.08931982872200266,0.08722414361001316,0.09151473978919629,0.07818933218050067,0.08083117177206851,True,0.0007936507936507935,-0.005855654761904761,0.007838541666666659,-0.007490079365079366,0.00734126984126984,False,False,False,0.006101190476190477,-0.001451822916666667,0.014285714285714284,-0.0066229538690476195,0.0068080357142857135,False,False,False,-0.007254464285714288,-0.01521577380952381,3.720238095238026e-05,-0.0078125,0.00710658482142857,False,False,False,-0.002678571428571429,-0.008185453869047619,0.0029589843749999937,-0.004594494047619049,0.0045949590773809515,False,False,False,-0.0020461309523809525,-0.005691964285714287,0.0016927083333333332,-0.004743768601190476,0.004933035714285711,False,False,False,-0.006949869791666666,-0.011833089192708333,-0.002212727864583338,-0.004833984375,0.004690348307291664,False,True,True,0.0847222222222222,0.08100074404761902,0.08859126984126985,0.0712797619047619,0.08050843253968254,True,0.0851934523809524,0.07998511904761905,0.09095982142857144,0.07317615327380951,0.08121279761904761,True,0.10628720238095238,0.09910621279761904,0.11369140625,0.08281156994047617,0.09155691964285713,True,0.08404017857142856,0.08061662946428572,0.08779761904761903,0.07434849330357143,0.0798549107142857,True,0.08798363095238096,0.08403971354166666,0.09222470238095239,0.07674804687499999,0.08240466889880954,True,0.09099934895833334,0.08790608723958333,0.09370157877604167,0.077847900390625,0.08335001627604166,True,2.0793240918940956,2.0108240156899666,2.153847582035498,1.7584596906110663,1.8415772602047547,True,1.7992821782910973,0.28004191360299835,1.1556409089034458
10,4,hea,30,29,0.07833333333333334,0.07708312807881774,0.0796326457307061,0.06863259441707717,0.07049286740558292,True,-0.0035879629629629616,-0.009722800925925925,0.0023616898148148134,-0.004815393518518519,0.004953703703703704,False,False,False,0.0010925925925925927,-0.002629629629629629,0.004723611111111104,-0.004926388888888889,0.004722685185185184,False,False,False,-0.008333333333333333,-0.013629629629629627,-0.00287037037037037,-0.005185185185185185,0.004999999999999999,False,True,True,0.0016851851851851847,-0.0016944444444444442,0.004944907407407406,-0.003149305555555555,0.003038657407407406,False,False,False,0.0032314814814814814,0.0005740740740740741,0.005861342592592592,-0.003427083333333334,0.0032962962962962963,False,False,False,-0.002766666666666667,-0.005641875000000001,-0.00014958333333333666,-0.003334583333333334,0.0031499999999999996,False,False,False,0.07900462962962963,0.07502199074074073,0.08300925925925925,0.06354166666666666,0.06951388888888888,True,0.07362962962962964,0.07103703703703704,0.07598148148148148,0.06461064814814814,0.07001898148148149,True,0.09646296296296294,0.09244398148148145,0.10072222222222221,0.07450000000000001,0.08044537037037039,True,0.07797222222222223,0.07556458333333334,0.0804261574074074,0.06509259259259259,0.06892615740740739,True,0.07437037037037038,0.07195324074074073,0.07666689814814814,0.0675726851851852,0.07166712962962964,True,0.07594166666666666,0.07336666666666668,0.07821708333333334,0.06844833333333333,0.07231708333333332,True,2.0805205697972387,2.018170413817584,2.1496704205881465,1.7656110884860856,1.835813135921116,True,1.8021303652497547,0.278390204547484,1.1544783939695185
4,4,hva,30,11,0.3781818181818182,0.35595454545454547,0.4008080808080808,0.19909090909090907,0.21585858585858586,True,0.4000000000000001,0.3,0.5000925925925922,-0.05555555555555555,0.05555555555555555,True,False,True,0.26666666666666666,0.16296296296296298,0.3777777777777777,-0.03981481481481482,0.04168981481481479,True,False,True,0.25555555555555554,0.15925925925925927,0.3518518518518519,-0.037060185185185196,0.035208333333333314,True,False,True,-0.02592592592592594,-0.08425925925925926,0.030555555555555555,-0.026851851851851852,0.02687499999999998,False,False,False,0.037037037037037056,-0.06759259259259259,0.137986111111111,-0.026851851851851852,0.026851851851851852,True,False,True,-0.019444444444444445,-0.075,0.030555555555555558,-0.023611111111111114,0.022222222222222216,False,False,False,0.5259259259259259,0.45925925925925937,0.5888888888888889,0.17407407407407405,0.24074074074074073,True,0.5925925925925924,0.5296296296296297,0.651851851851852,0.19814814814814813,0.25092592592592594,True,0.5074074074074074,0.4555555555555556,0.5593518518518513,0.18055555555555555,0.22962962962962957,True,0.29814814814814816,0.25925925925925924,0.337037037037037,0.18841435185185182,0.22222222222222224,True,0.3796296296296296,0.33055555555555555,0.42962962962962953,0.18888888888888883,0.22177083333333336,True,0.28055555555555556,0.24444444444444446,0.31388888888888894,0.18958333333333333,0.21944444444444444,True,4.7193937888447595,4.46195446373075,4.964552654280669,2.5530300025284998,2.7737993916342014,True,2.6590032873530838,2.0603905014916757,1.7748732434034333
6,4,hva,30,17,0.39771241830065357,0.3698468137254902,0.42410743464052286,0.2022824754901961,0.2127859477124183,True,0.41888888888888887,0.32555555555555565,0.5111111111111112,-0.02777777777777778,0.031111111111111107,True,False,True,0.3066666666666666,0.21777777777777776,0.40148148148148155,-0.025194444444444446,0.02666666666666666,True,False,True,0.3266666666666667,0.2496296296296297,0.4096296296296295,-0.024083333333333328,0.025935185185185172,True,False,True,-0.03407407407407407,-0.09335185185185185,0.024083333333333283,-0.016300925925925924,0.016856481481481476,False,True,True,0.014814814814814802,-0.10039814814814813,0.13261111111111099,-0.017981481481481484,0.018703703703703705,False,False,False,0.0037037037037037043,-0.06481481481481481,0.07037037037037035,-0.015748456790123454,0.01574845679012345,False,False,False,0.5122222222222221,0.45330555555555546,0.5744444444444443,0.1855555555555556,0.22222222222222224,True,0.591111111111111,0.5377777777777778,0.6474074074074074,0.20962962962962967,0.24370370370370367,True,0.5103703703703705,0.462962962962963,0.5607407407407407,0.18999074074074077,0.2211111111111111,True,0.30074074074074075,0.25592592592592595,0.34925925925925927,0.1944444444444445,0.21630092592592592,True,0.402962962962963,0.3592592592592593,0.45000000000000007,0.1942592592592593,0.2159351851851852,True,0.31481481481481477,0.2722067901234568,0.35927469135802464,0.19598765432098764,0.2157407407407407,True,7.433391028826744,6.879732530382466,7.96060791146191,3.3678835524755875,3.6320451703553465,True,3.490184788595526,3.943206240231218,2.1297987009501553
8,4,hva,30,23,0.42419850680720234,0.39411506368028104,0.4550318401405357,0.20382026789635485,0.21124451032059732,True,0.4867724867724867,0.41268518518518515,0.5603174603174603,-0.018518518518518514,0.022751322751322748,True,False,True,0.39999999999999997,0.3222222222222222,0.4801587301587301,-0.01964781746031746,0.020833333333333332,True,False,True,0.4119047619047619,0.34761904761904755,0.4793849206349206,-0.016071428571428566,0.01766369047619047,True,False,True,-0.03333333333333334,-0.10635912698412699,0.03492063492063492,-0.012996031746031747,0.011507936507936507,False,True,True,0.008134920634920639,-0.12606646825396825,0.13870535714285706,-0.011607142857142856,0.01250744047619047,False,False,False,0.009027777777777782,-0.07222222222222222,0.0826562499999999,-0.0128515625,0.011284722222222219,False,False,False,0.5682539682539682,0.5179894179894181,0.6211640211640213,0.19310846560846562,0.21904761904761905,True,0.6317460317460318,0.5833333333333334,0.6793650793650794,0.21328869047619048,0.2371081349206349,True,0.5563492063492064,0.515079365079365,0.603174603174603,0.19384920634920635,0.21627976190476186,True,0.3087301587301587,0.2547519841269841,0.3628968253968254,0.19721974206349208,0.21280257936507935,True,0.42916666666666675,0.3807440476190476,0.47599702380952374,0.19722222222222224,0.21330109126984123,True,0.325,0.275,0.3729340277777777,0.19774305555555552,0.21232638888888883,True,10.553464267480017,9.82603916981386,11.317442621289535,4.1206241882377235,4.415763133811905,True,4.265035900359695,6.288428367120321,2.4744139355520973
10,4,hva,30,29,0.444280240831965,0.4147728516694034,0.4763553639846743,0.20452859879584015,0.21033285440613028,True,0.5404320987654322,0.47500000000000014,0.6034027777777778,-0.015131172839506176,0.01574074074074074,True,False,True,0.48246913580246914,0.41429629629629633,0.5496543209876542,-0.01493827160493827,0.014814814814814814,True,False,True,0.47777777777777775,0.42641975308641983,0.5330864197530865,-0.013845679012345674,0.014691358024691356,True,False,True,-0.03580246913580247,-0.11518827160493827,0.04469444444444441,-0.009814814814814814,0.010125,False,True,True,0.0054320987654320994,-0.14544135802469138,0.14199382716049375,-0.009632716049382714,0.009447530864197529,False,False,False,0.014222222222222218,-0.07888888888888887,0.0993333333333333,-0.00933888888888889,0.009891666666666663,True,False,True,0.6089506172839506,0.5632716049382717,0.6561805555555554,0.1950617283950617,0.2154398148148148,True,0.6760493827160494,0.6325925925925927,0.721506172839506,0.21567592592592588,0.23543518518518514,True,0.5962962962962963,0.5587654320987655,0.6358024691358024,0.19653703703703698,0.21407407407407406,True,0.3120987654320988,0.2556728395061728,0.37037037037037035,0.19888580246913584,0.21098919753086418,True,0.4464197530864198,0.391466049382716,0.5025956790123457,0.1991358024691358,0.210929012345679,True,0.32933333333333337,0.274,0.3853388888888889,0.1993305555555555,0.21111388888888888,True,13.837327582605557,12.843472561720544,14.808723663167086,4.864387077961239,5.1717365889444205,True,5.008793203345272,8.828534379260285,2.7626070833517113
4,6,hea,30,11,0.141969696969697,0.13651515151515153,0.1472986111111111,0.10206881313131311,0.10959659090909091,True,0.00787037037037037,-0.019444444444444445,0.040763888888888766,-0.024085648148148148,0.025,False,False,False,-0.009722222222222222,-0.03425925925925925,0.01643518518518518,-0.01968171296296296,0.020839120370370362,False,False,False,-0.0016203703703703705,-0.024311342592592593,0.023611111111111117,-0.018287037037037036,0.01922453703703703,False,False,False,0.017361111111111112,0.0015046296296296314,0.033683449074074064,-0.013310185185185185,0.013194444444444443,True,False,True,-0.010069444444444442,-0.03032696759259259,0.008799189814814803,-0.013081597222222225,0.013428819444444445,False,False,False,0.004774305555555553,-0.010243055555555556,0.019791666666666666,-0.011462673611111116,0.012328559027777778,False,False,False,0.15231481481481485,0.12962962962962962,0.17638888888888885,0.0875,0.1189814814814815,True,0.16064814814814815,0.14421296296296296,0.1838020833333333,0.09467013888888891,0.11782407407407407,True,0.16018518518518518,0.14351851851851852,0.17893518518518517,0.09652777777777778,0.11944444444444445,True,0.12407407407407406,0.11458043981481479,0.13368344907407403,0.09583333333333334,0.11215567129629629,True,0.1427083333333333,0.13136574074074073,0.15463252314814815,0.09687210648148148,0.11366030092592593,True,0.13906249999999998,0.12873046874999997,0.15,0.10008680555555555,0.11423611111111111,True,2.083014805621731,2.0037503417654245,2.1754901565551177,1.6334741232715255,1.7278140777591435,True,1.6772092471041717,0.4058055585175593,1.2419528506763322
6,6,hea,30,17,0.09975490196078435,0.09703159041394335,0.1026828022875817,0.08143382352941174,0.08529428785403051,True,-0.00111111111111111,-0.012687500000000003,0.010462962962962964,-0.010932870370370369,0.011576388888888888,False,False,False,-0.008765432098765432,-0.01981481481481481,0.0021620370370370274,-0.010617283950617283,0.0095679012345679,False,False,False,0.0032716049382716045,-0.009444444444444443,0.016791666666666663,-0.009817901234567902,0.010310185185185184,False,False,False,0.0055246913580246915,-0.0007731481481481483,0.012377314814814808,-0.00617361111111111,0.007222993827160493,False,False,False,0.0046604938271604945,-0.003922839506172839,0.0133341049382716,-0.006760030864197532,0.007098765432098765,False,False,False,-0.00360082304526749,-0.010339506172839507,0.0032921810699588455,-0.006430041152263374,0.006173482510288065,False,False,False,0.09499999999999999,0.08824074074074074,0.1025023148148148,0.07490509259259259,0.08935416666666665,True,0.10160493827160492,0.09438117283950617,0.10882870370370369,0.07691203703703704,0.08833487654320989,True,0.11555555555555555,0.10703549382716052,0.12389043209876545,0.08086265432098766,0.09253240740740742,True,0.09055555555555556,0.08626543209876543,0.09487654320987654,0.07827160493827162,0.08654320987654321,True,0.10287037037037038,0.09626543209876545,0.11049382716049383,0.07888888888888888,0.08741049382716047,True,0.09879115226337448,0.09374935699588476,0.10416666666666666,0.08029835390946502,0.0880150462962963,True,1.987114559067532,1.9304706212818763,2.045084604247795,1.6698888232390954,1.744088825824062,True,1.70756128226809,0.2795532767994422,1.1637149305869257
8,6,hea,30,23,0.08033047870004392,0.07873016853315767,0.08201903546332892,0.06964152393500221,0.07204120004391744,True,0.003802910052910053,-0.0027463624338624343,0.01071511243386243,-0.006382275132275131,0.007176752645502646,False,False,False,0.0010664682539682539,-0.005531374007936509,0.007862103174603176,-0.005706845238095237,0.006225818452380953,False,False,False,-0.001240079365079365,-0.008333333333333333,0.006449032738095236,-0.005928199404761906,0.00595300099206349,False,False,False,0.0012028769841269838,-0.002281746031746032,0.004775235615079361,-0.004156746031746032,0.004230530753968253,False,False,False,-0.0015625000000000003,-0.006337115575396826,0.0030881076388888876,-0.004142175099206349,0.00411892361111111,False,False,False,0.0013780381944444448,-0.0037874348958333343,0.006749674479166664,-0.0040478515625,0.0037546115451388895,False,False,False,0.08111772486772485,0.076984126984127,0.08558201058201059,0.065244708994709,0.0733151455026455,True,0.07976190476190476,0.07616505456349207,0.08365575396825393,0.06621961805555555,0.0732390873015873,True,0.08784722222222224,0.08325892857142857,0.09208891369047621,0.07110553075396825,0.07847346230158732,True,0.0771577380952381,0.07361080109126983,0.08055648561507933,0.06695188492063492,0.07198722718253969,True,0.08110119047619048,0.0773806423611111,0.08497054811507936,0.0680918278769841,0.07333829365079363,True,0.07913411458333333,0.07655110677083334,0.08185845269097224,0.06906439887152777,0.0737307400173611,True,1.9153178785917322,1.8642387417348962,1.9702921732156256,1.6904785424807522,1.7539621397335636,True,1.7218775780099675,0.19344030058176465,1.1123426560936638
10,6,hea,30,29,0.06778461959496444,0.06696770662287904,0.06859612753147236,0.06181441570881226,0.06350574712643679,True,-7.716049382716106e-05,-0.004367283950617282,0.004413966049382713,-0.0045833333333333325,0.004692129629629628,False,False,False,0.0014320987654320987,-0.0027530864197530865,0.005568209876543209,-0.0039021604938271606,0.004162037037037035,False,False,False,0.0002345679012345684,-0.003766358024691358,0.004321296296296296,-0.004444753086419753,0.004469444444444444,False,False,False,0.0006172839506172842,-0.0021239197530864185,0.003228703703703702,-0.0029013888888888895,0.0029081790123456786,False,False,False,0.0004938271604938275,-0.0031734567901234557,0.003851851851851852,-0.0030992283950617276,0.0029208333333333313,False,False,False,8.333333333333334e-05,-0.0033333333333333327,0.003450138888888888,-0.0027623611111111113,0.0028279166666666665,False,False,False,0.06720679012345677,0.06424382716049383,0.06995370370370371,0.058424768518518515,0.06362808641975308,True,0.0661111111111111,0.06333333333333332,0.06877839506172839,0.05906049382716049,0.06404969135802469,True,0.07487654320987655,0.07160462962962962,0.07809907407407406,0.06409753086419753,0.06909876543209875,True,0.06687654320987654,0.0650554012345679,0.06856188271604939,0.05969120370370372,0.06322253086419755,True,0.06588888888888887,0.06399382716049383,0.06774089506172838,0.060722067901234564,0.06455570987654322,True,0.06807777777777776,0.06631097222222222,0.0700502777777778,0.061216527777777786,0.06475555555555555,True,1.8678647202406038,1.8373332320838103,1.9025236405340515,1.7016574329837304,1.7603431658505149,True,1.731101980892257,0.13676273934834682,1.0790032827978486
4,6,hva,30,11,0.32727272727272727,0.3051818181818181,0.35097643097643094,0.16848484848484846,0.18282828282828278,True,0.31111111111111106,0.23703703703703705,0.3876543209876543,-0.04444444444444444,0.04697530864197526,True,False,True,0.29382716049382723,0.21975308641975305,0.3679012345679012,-0.03334876543209876,0.03273148148148147,True,False,True,0.2691358024691358,0.20734567901234566,0.3308641975308642,-0.032098765432098754,0.03148148148148148,True,False,True,-0.02777777777777778,-0.08641975308641975,0.03211419753086411,-0.021921296296296296,0.022538580246913572,False,True,True,-0.048765432098765424,-0.13950617283950617,0.043827160493827164,-0.024382716049382712,0.023148148148148147,False,True,True,-0.04074074074074074,-0.10185185185185183,0.014861111111110869,-0.01898148148148148,0.019456018518518508,False,True,True,0.4493827160493827,0.40493827160493817,0.4987654320987654,0.1481481481481481,0.2024691358024691,True,0.5012345679012348,0.454320987654321,0.5531481481481478,0.16358024691358025,0.20679012345679013,True,0.43209876543209874,0.39012345679012345,0.47654320987654325,0.15493827160493828,0.19444444444444445,True,0.2413580246913581,0.204320987654321,0.27839506172839507,0.15956790123456793,0.18797067901234568,True,0.32160493827160497,0.2759104938271605,0.36666666666666664,0.16111111111111115,0.18919753086419752,True,0.2685185185185185,0.22962962962962966,0.3092592592592593,0.16250000000000003,0.18658564814814815,True,4.194573101059271,3.909415934484612,4.491345061751015,2.25927930643918,2.4443391659435436,True,2.3490066300569663,1.845566471002305,1.7856795495539097
6,6,hva,30,17,0.3458061002178649,0.32281726579520686,0.37053376906318075,0.17208605664488016,0.17973856209150327,True,0.31851851851851853,0.23035185185185184,0.40298148148148144,-0.023722222222222228,0.025185185185185185,True,False,True,0.23358024691358026,0.1821728395061728,0.2869135802469136,-0.02124074074074074,0.022716049382716052,True,False,True,0.2725925925925925,0.21135802469135803,0.33185185185185184,-0.019512345679012343,0.02198148148148148,True,False,True,-0.009135802469135805,-0.06494444444444446,0.05457407407407403,-0.01382716049382716,0.014320987654320987,False,False,False,-0.024938271604938268,-0.12198148148148152,0.06990123456790112,-0.01444753086419753,0.013830246913580247,False,True,True,-0.013168724279835392,-0.07201646090534979,0.03909465020576131,-0.01316872427983539,0.013374485596707817,False,True,True,0.48444444444444446,0.4444444444444445,0.5296481481481481,0.1592592592592593,0.19111111111111112,True,0.48246913580246903,0.4488395061728394,0.5160493827160493,0.17233950617283952,0.19901234567901235,True,0.4404938271604939,0.40686419753086417,0.47802469135802467,0.1609876543209877,0.1869135802469136,True,0.2530864197530864,0.22395061728395058,0.2866666666666667,0.16580246913580246,0.1828395061728395,True,0.3567901234567901,0.3140617283950617,0.4014814814814815,0.165679012345679,0.1829629629629629,True,0.2790123456790123,0.2473148148148148,0.3123456790123456,0.16645576131687237,0.18251028806584363,True,6.430312445453618,5.950369740747359,6.915942367219309,2.8939536517499556,3.10144408795206,True,2.9893715045896583,3.4409409408639595,2.1510583196437763
8,6,hva,30,23,0.36410481627872926,0.33740155174937786,0.39370663153271857,0.17278473137168793,0.1788471673254282,True,0.4088183421516755,0.333668430335097,0.4829188712522044,-0.01798941798941799,0.01798941798941799,True,False,True,0.30317460317460315,0.24654761904761902,0.36031746031746026,-0.01574404761904762,0.015611772486772483,True,False,True,0.3513227513227513,0.29892857142857143,0.4058201058201057,-0.013230820105820109,0.015482804232804228,True,False,True,-0.005423280423280423,-0.06918650793650792,0.06521494708994707,-0.009986772486772483,0.010461309523809513,False,False,False,-0.018783068783068783,-0.13294312169312172,0.09313492063492057,-0.01058201058201058,0.010388558201058194,False,True,True,-0.007870370370370368,-0.06668981481481481,0.05092592592592592,-0.009609375000000002,0.010188078703703703,False,False,False,0.5195767195767195,0.47936507936507927,0.5612081128747795,0.16365961199294535,0.18553791887125215,True,0.5074074074074074,0.47407407407407404,0.5417989417989417,0.17658399470899472,0.19616732804232806,True,0.492063492063492,0.45661375661375664,0.528584656084656,0.1654761904761905,0.18386574074074077,True,0.25753968253968257,0.22261574074074075,0.2972255291005291,0.16831679894179896,0.18075727513227513,True,0.37962962962962965,0.33425264550264544,0.42778108465608466,0.1684507275132275,0.18102347883597883,True,0.2740740740740741,0.23842592592592596,0.31111111111111106,0.16828703703703704,0.18067129629629622,True,9.072902130262149,8.334416876403507,9.865170276766642,3.4742335794277444,3.6987733600725745,True,3.5794743932894955,5.493427736972653,2.534702342687876
10,6,hva,30,29,0.3876847290640394,0.36149927020616673,0.4184300310162379,0.17356321839080463,0.17828863346104726,True,0.479835390946502,0.41584362139917697,0.5428600823045264,-0.011944444444444447,0.013374485596707817,True,False,True,0.3863374485596708,0.3310123456790123,0.44296296296296295,-0.012104938271604936,0.012934156378600811,True,False,True,0.42469135802469143,0.3786008230452675,0.4720987654320987,-0.011440329218106995,0.011934156378600822,True,False,True,-0.0031275720164609094,-0.07918312757201645,0.07637860082304523,-0.00917798353909465,0.008562757201646091,False,False,False,-0.012674897119341564,-0.139917695473251,0.11106378600823028,-0.00872736625514403,0.008272633744855968,False,True,True,-0.004444444444444436,-0.06934074074074072,0.05985555555555554,-0.0077074074074074085,0.007855555555555551,False,False,False,0.5699588477366254,0.5318878600823045,0.610704732510288,0.16666666666666663,0.1827211934156379,True,0.5608230452674897,0.5246090534979425,0.5950617283950616,0.17785802469135803,0.19407407407407404,True,0.5425514403292181,0.5102716049382715,0.5774485596707818,0.16765020576131684,0.18148148148148147,True,0.2653497942386831,0.22567078189300416,0.3070781893004115,0.1696275720164609,0.1797551440329218,True,0.39703703703703713,0.3474012345679013,0.4488086419753087,0.16942181069958845,0.17979423868312752,True,0.27614814814814814,0.2382185185185185,0.31703703703703695,0.1695555555555556,0.17933518518518524,True,12.135167818898605,11.170165841807439,13.141342092440892,4.019757107795414,4.2566824217568815,True,4.1336038064118945,8.00156401248671,2.9357355922875286
4,8,hea,30,11,0.13933712121212122,0.1340530303030303,0.14460227272727272,0.09005160984848484,0.09702651515151514,True,0.017708333333333333,-0.020850694444444446,0.061119791666666624,-0.023298611111111107,0.023958333333333335,False,False,False,0.027777777777777787,-0.0006944444444444423,0.0569574652777777,-0.016150173611111113,0.016840277777777777,True,False,True,0.015451388888888895,-0.017018229166666673,0.051744791666666616,-0.016328124999999995,0.017712673611111104,False,False,False,0.0008680555555555562,-0.017710503472222222,0.02065972222222222,-0.012764756944444443,0.012415364583333333,False,False,False,-0.003038194444444443,-0.02899739583333334,0.02396050347222221,-0.011634114583333332,0.011805555555555554,False,False,False,-0.011783854166666666,-0.0313818359375,0.007294921874999982,-0.010807291666666666,0.010546875,False,True,True,0.13020833333333334,0.11145833333333335,0.14930555555555552,0.07777777777777778,0.10625,True,0.14097222222222222,0.12586805555555555,0.15763888888888886,0.0840234375,0.10503472222222224,True,0.1597222222222222,0.14322916666666666,0.17743055555555554,0.08541666666666667,0.10624999999999998,True,0.1253472222222222,0.11562500000000002,0.13541666666666663,0.08550347222222224,0.10043619791666668,True,0.14244791666666667,0.13142361111111112,0.15173828125,0.08593532986111112,0.10060763888888889,True,0.14095052083333334,0.13150716145833333,0.15045572916666666,0.08788899739583333,0.1005224609375,True,2.0745936344834037,2.0108166463640367,2.145031228074604,1.5613181016165427,1.6398142264298428,True,1.6021884365546821,0.4724051979287216,1.2948499609350406
6,8,hea,30,17,0.0935202205882353,0.09086486417483658,0.09616064133986928,0.07277879901960785,0.07639412275326797,True,-0.016805555555555553,-0.029654513888888893,-0.003472222222222222,-0.010416666666666663,0.010281249999999997,False,True,True,-0.007685185185185185,-0.016159722222222225,0.0010219907407407218,-0.008336805555555552,0.009076388888888887,False,False,False,0.007083333333333334,-0.004400462962962964,0.020510416666666663,-0.00856712962962963,0.009677083333333333,False,False,False,-0.00673611111111111,-0.013935763888888886,0.0006950231481481458,-0.0064820601851851845,0.006181134259259257,False,True,True,0.011018518518518518,0.0033790509259259264,0.019492476851851844,-0.005764467592592593,0.005950810185185185,True,False,True,-0.0013117283950617288,-0.008895158179012349,0.005943769290123446,-0.005634162808641976,0.0058072916666666655,False,False,False,0.08937500000000001,0.08201215277777778,0.09646006944444444,0.06728993055555556,0.07979340277777779,True,0.08893518518518517,0.08296064814814813,0.09564814814814813,0.06930555555555556,0.07925925925925927,True,0.10249999999999998,0.09439699074074075,0.11180671296296295,0.07199074074074074,0.08208680555555553,True,0.09004629629629628,0.08622685185185185,0.09400520833333334,0.0703929398148148,0.07766319444444446,True,0.09708333333333335,0.0924988425925926,0.10162094907407407,0.07043981481481482,0.07807870370370368,True,0.09276620370370368,0.08834876543209877,0.09704909336419752,0.07139226466049382,0.07851128472222224,True,1.9631361688581075,1.904364163929646,2.028240689841324,1.602305935683203,1.6718027609402084,True,1.6361405385717829,0.3269956302863246,1.1998579110885945
8,8,hea,30,23,0.07167737154150197,0.07044008358036889,0.07318042860671936,0.0627826498682477,0.06488862812911726,True,-0.0009176587301587294,-0.008880208333333332,0.008060515873015874,-0.00595424107142857,0.006746651785714286,False,False,False,-0.0032180059523809522,-0.007982235863095237,0.0009867931547618998,-0.005377139136904762,0.005767299107142857,False,False,False,0.006194196428571429,-0.0008384486607142858,0.013616536458333332,-0.005562220982142857,0.0057672991071428545,True,False,True,-0.002632068452380952,-0.004938616071428572,-0.00040922619047619043,-0.003896949404761904,0.0036748976934523796,False,False,False,-0.0017857142857142863,-0.005693591889880952,0.0023637462797618976,-0.0038599795386904767,0.003962286086309524,False,False,False,0.002140299479166667,-0.0024283854166666664,0.006689860026041664,-0.0036214192708333335,0.0035164388020833327,False,False,False,0.07185019841269842,0.06755828373015872,0.0760918898809524,0.05915116567460317,0.06646949404761905,True,0.0673549107142857,0.06369047619047619,0.07126162574404762,0.059969773065476184,0.06618489583333331,True,0.07656249999999999,0.0722651599702381,0.08190150669642854,0.062685546875,0.06966192336309524,True,0.06935453869047618,0.06669456845238096,0.07215448288690476,0.06076915922619048,0.0653462146577381,True,0.07203311011904762,0.06936337425595239,0.07474004836309524,0.06155924479166667,0.06627697172619047,True,0.073095703125,0.0712969970703125,0.07502461751302084,0.06188944498697917,0.06619466145833333,True,1.8124057602629862,1.772212016689263,1.8588597417846755,1.6261641314592765,1.683714813074078,True,1.6547707016033895,0.1576350586595967,1.0952609678832579
10,8,hea,30,29,0.06083538587848934,0.0599835539819376,0.06173042385057471,0.05587320402298851,0.05730298132183908,True,-0.0013541666666666663,-0.006842013888888887,0.0037615740740740747,-0.00393576388888889,0.004179398148148147,False,False,False,0.0015462962962962967,-0.0027418981481481474,0.005611111111111111,-0.0035930555555555555,0.0038798611111111117,False,False,False,-0.00014814814814814863,-0.004315046296296297,0.0037594907407407395,-0.0037412037037037036,0.00418587962962963,False,False,False,0.0009722222222222222,-0.0015140046296296301,0.003546412037037037,-0.002782523148148148,0.002726967592592593,False,False,False,-0.0004074074074074075,-0.00313900462962963,0.002292013888888886,-0.0024596064814814815,0.002690972222222221,False,False,False,-0.00018333333333333296,-0.003158541666666666,0.0029293749999999984,-0.0025719791666666673,0.002458958333333333,False,False,False,0.060659722222222226,0.057916377314814804,0.06332204861111113,0.053158275462962964,0.05808015046296296,True,0.05973148148148147,0.05655532407407407,0.0628800925925926,0.05364791666666666,0.05811180555555556,True,0.06423148148148147,0.061888194444444454,0.06663032407407407,0.05666620370370369,0.061379629629629624,True,0.05936574074074075,0.05775462962962963,0.06104189814814814,0.05434722222222223,0.05737604166666666,True,0.062018518518518514,0.0601525462962963,0.0639167824074074,0.0550414351851852,0.05819907407407408,True,0.06012499999999999,0.05879166666666666,0.061425104166666654,0.05542072916666667,0.05831697916666668,True,1.764254059238148,1.729062096935164,1.8026528918485891,1.6421934120031305,1.6913752817176457,True,1.6657991761332678,0.09845488310488015,1.0591036929994277
4,8,hva,30,11,0.31090909090909086,0.29504797979797986,0.32697222222222233,0.1493434343434343,0.16085858585858584,True,0.3185185185185185,0.24999999999999997,0.38333333333333325,-0.042592592592592585,0.04074074074074074,True,False,True,0.3425925925925926,0.27592592592592596,0.4092592592592593,-0.027800925925925927,0.03009259259259259,True,False,True,0.40925925925925927,0.3462962962962963,0.46851851851851856,-0.029178240740740744,0.029629629629629634,True,False,True,-0.004629629629629627,-0.053240740740740734,0.046770833333333275,-0.020376157407407402,0.02083912037037037,False,False,False,0.03518518518518518,-0.048622685185185185,0.12084490740740733,-0.018987268518518518,0.01991319444444444,True,False,True,0.022222222222222213,-0.03472222222222222,0.07499999999999998,-0.017013888888888887,0.018411458333333325,True,False,True,0.46296296296296285,0.42962962962962953,0.5018518518518518,0.13148148148148148,0.17967592592592593,True,0.48333333333333345,0.4425925925925926,0.5259722222222221,0.14258101851851848,0.17964120370370368,True,0.47962962962962963,0.43888888888888894,0.5203703703703704,0.1375,0.1708333333333333,True,0.21296296296296297,0.1884259259259259,0.23518518518518514,0.14189814814814816,0.16597222222222224,True,0.29814814814814816,0.25878472222222215,0.3393634259259259,0.14189814814814813,0.16643518518518519,True,0.23750000000000002,0.20694444444444443,0.26666666666666666,0.14408854166666665,0.16597222222222222,True,4.055404939480733,3.860179878724399,4.262527717580121,2.089682915795021,2.2506490796372285,True,2.162081854449746,1.8933230850309872,1.8756944521477616
6,8,hva,30,17,0.3214052287581699,0.3024499591503268,0.34269505718954246,0.15126582924836607,0.15859936683006534,True,0.2744444444444445,0.20665277777777774,0.347236111111111,-0.019999999999999997,0.022791666666666658,True,False,True,0.26666666666666666,0.2044074074074074,0.3318888888888886,-0.01925925925925926,0.020185185185185184,True,False,True,0.3344444444444444,0.27222222222222214,0.3952222222222221,-0.017037037037037038,0.01741203703703703,True,False,True,-0.006296296296296295,-0.050375,0.035745370370370344,-0.01231944444444444,0.01296296296296296,False,False,False,0.030555555555555544,-0.05704166666666668,0.11148148148148146,-0.013148148148148147,0.012967592592592586,True,False,True,0.038580246913580245,-0.011111111111111105,0.0910493827160494,-0.01095679012345679,0.012191358024691356,True,False,True,0.43444444444444447,0.39333333333333337,0.4777777777777778,0.14166666666666666,0.16888888888888892,True,0.45185185185185184,0.4118518518518519,0.4918518518518519,0.1501805555555555,0.17204166666666673,True,0.43074074074074065,0.3922222222222222,0.4677777777777778,0.1429583333333333,0.16518518518518518,True,0.25407407407407406,0.22962499999999997,0.2792592592592592,0.14684953703703707,0.16166666666666665,True,0.31055555555555553,0.2688842592592593,0.34925925925925927,0.1464814814814815,0.16213194444444443,True,0.2552469135802469,0.22746913580246916,0.2851929012345679,0.14722222222222223,0.16064814814814815,True,6.05579884159202,5.628051216646337,6.4827632531090105,2.61524885985518,2.776610324863894,True,2.6955678491734396,3.3602309924185807,2.2465762987375557
8,8,hva,30,23,0.33853754940711467,0.3133865832235398,0.36353315766359234,0.15204161176987266,0.15756587615283266,True,0.3362433862433863,0.2746031746031746,0.4,-0.014027777777777776,0.016408730158730154,True,False,True,0.32182539682539685,0.2571428571428572,0.3880952380952381,-0.013196924603174605,0.014491567460317451,True,False,True,0.3547619047619047,0.28809523809523807,0.41626984126984123,-0.011512896825396827,0.013494543650793653,True,False,True,0.00753968253968254,-0.04385664682539682,0.05853174603174603,-0.009574652777777777,0.009233630952380948,False,False,False,0.023809523809523805,-0.07252728174603176,0.11547867063492064,-0.009775545634920635,0.008830605158730156,True,False,True,0.030902777777777776,-0.019791666666666666,0.08402777777777777,-0.008856336805555554,0.009027777777777779,True,False,True,0.4695767195767196,0.4275066137566137,0.5103174603174604,0.14470899470899473,0.16269841269841273,True,0.48134920634920636,0.44087301587301586,0.5246130952380952,0.15316964285714282,0.16964533730158735,True,0.4420634920634921,0.40158730158730155,0.4821527777777777,0.1463293650793651,0.16230158730158725,True,0.2609126984126984,0.23551091269841268,0.28641121031746036,0.14811383928571425,0.15987103174603173,True,0.316468253968254,0.2724156746031746,0.3632043650793651,0.14836185515873015,0.15972346230158732,True,0.27499999999999997,0.2423611111111111,0.3107638888888889,0.14887152777777776,0.15937717013888889,True,8.474904086847362,7.775284789426585,9.170162513632729,3.093410929635191,3.269408451592015,True,3.179984609959919,5.294919476887443,2.6650770762548377
10,8,hva,30,29,0.35785440613026814,0.330295566502463,0.38656540777230425,0.1527362137383689,0.15700636288998362,True,0.40324074074074073,0.3452044753086419,0.4574112654320987,-0.011574074074074072,0.01280864197530864,True,False,True,0.3861728395061728,0.3259259259259259,0.4498765432098766,-0.01080864197530864,0.010925925925925924,True,False,True,0.40259259259259256,0.34037037037037027,0.45888888888888885,-0.010680555555555554,0.010433641975308642,True,False,True,0.0020987654320987685,-0.06124228395061728,0.06525308641975305,-0.006852623456790123,0.007222993827160492,False,False,False,0.02753086419753086,-0.08068055555555559,0.1315015432098764,-0.007874228395061727,0.008025462962962965,True,False,True,0.02533333333333335,-0.03655555555555555,0.08801944444444434,-0.006780555555555555,0.0068902777777777756,True,False,True,0.5035493827160493,0.4643479938271604,0.5455246913580247,0.1470679012345679,0.16141975308641973,True,0.5155555555555555,0.4710987654320988,0.557530864197531,0.15438271604938272,0.1678395061728395,True,0.48061728395061726,0.4425802469135802,0.5206172839506172,0.14771450617283952,0.16043209876543207,True,0.2675308641975309,0.23913117283950613,0.2958055555555555,0.14962962962962964,0.15852006172839503,True,0.33296296296296296,0.2794382716049383,0.38803549382716046,0.1496905864197531,0.1587361111111111,True,0.2828888888888888,0.24732777777777773,0.3227777777777778,0.14983055555555555,0.1587777777777778,True,11.132012499792612,10.172308472507138,12.128545145444466,3.543669917800176,3.7320692047133854,True,3.637634107634966,7.494378392157646,3.060234254024567
